dataset,best_energy_language,min_energy,best_duration_language,min_duration
CIFAR100,C++,5.213024420899708e-05,PyTorch,0.8471579779870808
FashionMNIST,C++,4.1841278291646734e-05,Rust,0.5104108192026615
TinyImageNet,C++,6.884605663641261e-05,PyTorch,1.4086098950356245
