language,efficiency
R,26474.978173467145
C++,18773.739088621685
MATLAB,16495.927671093068
java,14859.08359613765
TensorFlow,10709.304744266148
JAX,9817.924207862978
PyTorch,9804.832377332628
Rust,9413.469958721334
