unix_s,utilisation_pct,power_w,sm_clock_mhz,memory_used_mib
1788183780,0,31.89,210,185
1788183781,0,32.13,210,185
1788183782,0,27.89,210,185
1788183784,0,27.45,210,185
1788183785,0,27.39,210,185
1788183786,0,27.47,210,185
1788183787,0,27.76,210,185
1788183788,0,27.76,210,185
1788183789,0,27.46,210,185
1788183790,0,27.30,210,185
1788183791,0,27.26,210,185
1788183792,0,27.60,210,185
1788183793,0,27.49,210,185
1788183794,0,27.24,210,185
1788183795,0,27.32,210,185
1788183796,0,27.19,210,185
1788183797,0,27.42,210,185
1788183798,0,27.50,210,185
1788183799,0,27.11,210,185
1788183800,0,27.06,210,185
1788183801,0,27.17,210,185
1788183802,0,27.67,210,185
1788183803,0,27.58,210,185
1788183804,0,27.13,210,185
1788183805,0,27.19,210,185
1788183806,0,27.10,210,185
1788183807,0,27.36,210,185
1788183808,0,27.30,210,185
1788183809,0,27.06,210,185
1788183810,0,27.11,210,185
1788183812,0,27.31,210,185
1788183813,0,27.38,210,185
1788183814,0,27.04,210,185
1788183815,0,27.00,210,185
1788183816,0,27.13,210,185
1788183817,0,27.20,210,185
1788183818,0,27.16,210,185
1788183819,0,27.08,210,185
1788183820,0,26.94,210,185
1788183821,0,26.94,210,185
1788183822,0,27.13,210,185
1788183823,0,26.97,210,185
1788183824,0,26.85,210,185
1788183825,0,26.91,210,185
1788183826,0,26.89,210,185
1788183827,0,49.90,1740,513
1788183828,0,109.06,1740,513
1788183829,0,116.56,1740,777
1788183830,97,247.40,1935,1097
1788183831,97,339.35,1935,1097
1788183832,97,336.87,1920,1097
1788183833,97,336.10,1920,1097
1788183834,97,336.59,1920,1097
1788183835,97,337.56,1920,1097
1788183836,0,193.00,1920,1097
1788183837,0,175.11,1740,1097
1788183838,0,137.43,1740,1097
1788183839,8,156.06,1935,1099
1788183840,0,144.80,1935,1099
1788183842,0,142.02,1740,1099
1788183843,0,127.85,1740,1099
1788183844,97,215.84,1920,1099
1788183845,97,337.95,1920,1099
1788183846,97,339.34,1920,1099
1788183847,97,340.39,1920,1099
1788183848,97,341.02,1920,1099
1788183849,0,269.19,1920,1099
1788183850,0,179.11,1920,1099
1788183851,0,142.85,1740,1099
1788183852,96,124.02,1890,1099
1788183853,0,200.90,1920,1099
1788183854,0,166.51,1920,1099
1788183855,0,138.56,1740,1099
1788183856,97,153.00,1920,1099
1788183857,97,341.04,1920,1099
1788183858,97,343.10,1905,1099
1788183859,97,340.13,1905,1099
1788183860,97,340.57,1905,1099
1788183861,97,341.65,1905,1099
1788183862,0,273.56,1905,1099
1788183863,0,165.81,1905,1099
1788183864,0,142.08,1740,1099
1788183865,0,158.57,1920,1099
1788183866,0,178.49,1920,1099
1788183867,0,141.77,1740,1099
1788183868,0,131.92,1740,1099
1788183869,97,255.68,1905,1099
1788183870,97,340.89,1905,1099
1788183871,97,341.07,1905,1099
1788183872,97,341.65,1905,1099
1788183873,97,342.13,1905,1099
1788183875,97,342.67,1905,1099
1788183876,0,180.29,1905,1099
1788183877,0,144.78,1740,1099
1788183878,0,134.17,1740,1099
1788183879,0,157.36,1920,1099
1788183880,0,175.10,1920,1099
1788183881,0,143.15,1740,1099
1788183882,97,167.05,1920,1099
1788183883,97,341.79,1905,1099
1788183884,97,342.43,1905,1099
1788183885,97,343.21,1905,1099
1788183886,97,343.93,1905,1099
1788183887,97,343.89,1905,1099
1788183888,0,265.99,1905,1099
1788183889,0,176.05,1905,1099
1788183890,0,142.24,1740,1099
1788183891,97,136.45,1905,1099
1788183892,0,192.24,1905,1099
1788183893,0,169.61,1740,1099
1788183894,0,143.58,1740,1099
1788183895,97,169.72,1905,1099
1788183896,97,344.29,1905,1099
1788183897,97,345.38,1905,1099
1788183898,97,345.90,1905,1099
1788183899,97,346.57,1905,1099
1788183900,97,347.10,1905,1099
1788183901,0,173.11,1905,1099
1788183902,0,143.26,1740,1099
1788183903,0,133.91,1740,1099
1788183904,0,158.68,1905,1099
1788183905,0,173.26,1905,1099
1788183906,0,144.66,1740,1099
1788183908,0,134.69,1905,1099
1788183909,97,272.82,1905,1099
1788183910,97,348.10,1905,1099
1788183911,97,349.35,1890,1099
1788183912,97,346.75,1890,1099
1788183913,97,346.48,1890,1099
1788183914,0,266.45,1905,1099
1788183915,0,176.92,1905,1099
1788183916,0,144.06,1740,1099
1788183917,97,137.79,1875,1099
1788183918,0,192.03,1905,1099
1788183919,0,169.46,1905,1099
1788183920,0,144.99,1740,1099
1788183921,97,172.29,1905,1099
1788183922,97,348.91,1890,1099
1788183923,97,348.75,1890,1099
1788183924,97,346.45,1890,1099
1788183925,97,346.23,1890,1099
1788183926,97,346.26,1890,1099
1788183927,0,264.70,1905,1099
1788183928,0,175.10,1905,1099
1788183929,0,135.18,1740,1099
1788183930,0,158.85,1905,1099
1788183931,0,167.82,1905,1099
1788183932,0,145.48,1740,1099
1788183933,0,135.57,1740,1099
1788183934,97,278.48,1905,1099
1788183935,97,347.10,1890,1099
1788183936,97,346.38,1890,1099
1788183937,97,346.43,1890,1099
1788183938,97,345.86,1890,1099
1788183939,97,346.04,1890,1099
1788183941,0,173.98,1905,1099
1788183942,0,144.40,1740,1099
1788183943,0,135.18,1740,1099
1788183944,0,158.96,1905,1099
1788183945,0,167.14,1905,1099
1788183946,0,145.79,1740,1099
1788183947,97,174.09,1905,1099
1788183948,97,347.58,1905,1099
1788183949,97,346.40,1890,1099
1788183950,97,345.90,1890,1099
1788183951,97,346.30,1890,1099
1788183952,97,346.13,1890,1099
1788183953,0,263.72,1890,1099
1788183954,0,174.46,1905,1099
1788183955,0,145.61,1740,1099
1788183956,96,141.36,1905,1099
1788183957,0,188.89,1905,1099
1788183958,0,166.35,1740,1099
1788183959,0,145.76,1740,1099
1788183960,97,175.62,1905,1099
1788183961,97,347.59,1890,1099
1788183962,97,346.17,1890,1099
1788183963,97,345.98,1890,1099
1788183964,97,346.44,1890,1099
1788183965,97,346.23,1890,1099
1788183966,0,172.37,1890,1099
1788183967,0,145.16,1740,1099
1788183968,0,136.08,1740,1099
1788183969,0,160.70,1905,1099
1788183970,0,171.75,1905,1099
1788183971,0,145.76,1740,1099
1788183972,0,136.16,1905,1099
1788183974,97,276.49,1890,1099
1788183975,97,347.12,1890,1099
1788183976,97,346.32,1890,1099
1788183977,97,346.08,1890,1099
1788183978,97,346.49,1890,1099
1788183979,97,346.85,1890,1099
1788183980,0,177.70,1890,1099
1788183981,0,145.62,1740,1099
1788183982,97,139.84,1875,1099
1788183983,0,193.17,1905,1099
1788183984,0,170.57,1905,1099
1788183985,0,146.57,1740,1099
1788183986,97,174.19,1905,1099
1788183987,97,347.57,1890,1099
1788183988,97,346.11,1890,1099
1788183989,97,346.64,1890,1099
1788183990,97,346.45,1890,1099
1788183991,97,346.46,1890,1099
1788183992,0,264.93,1890,1099
1788183993,0,175.88,1890,1099
1788183994,0,146.38,1740,1099
1788183995,97,141.16,1905,1099
1788183996,0,168.16,1905,1099
1788183997,0,146.09,1740,1099
1788183998,0,128.13,1740,1099
1788183999,97,278.36,1890,1099
1788184000,97,346.30,1890,1099
1788184001,97,346.15,1890,1099
1788184002,97,346.61,1890,1099
1788184003,97,347.05,1890,1099
1788184004,97,347.15,1890,1099
1788184005,0,175.19,1890,1099
1788184007,0,146.70,1740,1099
1788184008,0,137.37,1740,1099
1788184009,0,160.51,1905,1099
1788184010,0,167.84,1905,1099
1788184011,0,146.28,1740,1099
1788184012,0,127.82,1905,1099
1788184013,97,347.08,1890,1099
1788184014,97,346.09,1890,1099
1788184015,97,346.12,1890,1099
1788184016,97,346.56,1890,1099
1788184017,97,347.14,1890,1099
1788184018,0,265.20,1890,1099
1788184019,0,176.11,1890,1099
1788184020,0,140.31,1740,1099
1788184021,97,145.49,1905,1099
1788184022,0,193.44,1905,1099
1788184023,0,170.75,1740,1099
1788184024,0,146.88,1740,1099
1788184025,97,175.17,1890,1099
1788184026,97,346.79,1890,1099
1788184027,97,346.20,1890,1099
1788184028,97,347.03,1890,1099
1788184029,97,347.15,1890,1099
1788184030,97,347.65,1890,1099
1788184031,0,175.94,1890,1099
1788184032,0,146.77,1740,1099
1788184033,0,137.59,1740,1099
1788184034,0,161.75,1905,1099
1788184035,0,175.57,1905,1099
1788184036,0,146.77,1740,1099
1788184037,0,137.00,1905,1099
1788184038,98,274.79,1890,1099
1788184040,97,345.89,1890,1099
1788184041,97,346.72,1890,1099
1788184042,97,346.93,1890,1099
1788184043,97,347.73,1890,1099
1788184044,97,347.60,1890,1099
1788184045,0,182.57,1890,1099
1788184046,0,146.87,1740,1099
1788184047,96,138.56,1740,1099
1788184048,0,198.10,1905,1099
1788184049,0,176.18,1905,1099
1788184050,0,146.88,1740,1099
1788184051,97,171.43,1905,1099
1788184052,97,346.91,1890,1099
1788184053,97,346.44,1890,1099
1788184054,97,346.99,1890,1099
1788184055,97,347.24,1890,1099
1788184056,97,347.70,1890,1099
1788184057,0,275.11,1890,1099
1788184058,0,186.38,1890,1099
1788184059,0,150.74,1740,1099
1788184060,97,136.73,1905,1099
1788184061,0,200.32,1905,1099
1788184062,0,147.32,1740,1099
1788184063,0,137.72,1740,1099
1788184064,97,271.14,1890,1099
1788184065,97,346.32,1890,1099
1788184066,97,346.68,1890,1099
1788184067,97,347.56,1890,1099
1788184068,97,347.34,1890,1099
1788184069,97,347.70,1890,1099
1788184070,0,187.73,1890,1099
1788184071,0,150.64,1740,1099
1788184073,0,140.10,1740,1099
1788184074,0,162.94,1905,1099
1788184075,0,180.15,1905,1099
1788184076,0,146.96,1740,1099
1788184077,0,137.35,1905,1099
1788184078,97,272.43,1890,1099
1788184079,98,346.52,1890,1099
1788184080,97,346.92,1890,1099
1788184081,97,347.27,1890,1099
1788184082,97,348.21,1890,1099
1788184083,0,275.39,1890,1099
1788184084,0,186.28,1890,1099
1788184085,0,150.95,1740,1099
1788184086,96,137.13,1905,1099
1788184087,0,200.71,1905,1099
1788184088,0,179.12,1740,1099
1788184089,0,146.93,1740,1099
1788184090,97,170.95,1890,1099
1788184091,97,346.54,1890,1099
1788184092,97,346.72,1890,1099
1788184093,97,347.22,1890,1099
1788184094,97,347.66,1890,1099
1788184095,97,346.21,1890,1099
1788184096,0,186.92,1890,1099
1788184097,0,151.44,1740,1099
1788184098,0,140.42,1740,1099
1788184099,0,194.19,1905,1099
1788184100,0,170.20,1905,1099
1788184101,0,145.56,1740,1099
1788184102,0,136.70,1740,1099
1788184103,97,271.52,1890,1099
1788184104,97,346.36,1890,1099
1788184106,97,346.83,1890,1099
1788184107,97,347.53,1890,1099
1788184108,97,347.74,1890,1099
1788184109,97,348.20,1890,1099
1788184110,0,177.50,1890,1099
1788184111,0,149.20,1740,1099
1788184112,96,141.89,1740,1099
1788184113,0,200.10,1905,1099
1788184114,0,172.46,1905,1099
1788184115,0,145.38,1740,1099
1788184116,97,168.92,1905,1099
1788184117,97,346.71,1890,1099
1788184118,97,346.65,1890,1099
1788184119,97,346.91,1890,1099
1788184120,97,347.35,1890,1099
1788184121,97,347.75,1890,1099
1788184122,0,271.40,1890,1099
1788184123,0,182.10,1890,1099
1788184124,0,149.35,1740,1099
1788184125,97,140.29,1905,1099
1788184126,0,203.59,1905,1099
1788184127,0,176.06,1740,1099
1788184128,0,136.54,1740,1099
1788184129,97,266.64,1890,1099
1788184130,97,346.46,1890,1099
1788184131,97,347.07,1890,1099
1788184132,97,347.27,1890,1099
1788184133,97,347.65,1890,1099
1788184134,97,348.05,1890,1099
1788184135,0,186.72,1890,1099
1788184136,0,149.99,1740,1099
1788184137,0,139.55,1740,1099
1788184139,0,166.38,1905,1099
1788184140,0,180.32,1905,1099
1788184141,0,141.82,1740,1099
1788184142,0,139.54,1905,1099
1788184143,97,234.63,1890,1099
1788184144,97,346.32,1890,1099
1788184145,97,346.98,1890,1099
1788184146,97,347.71,1890,1099
1788184147,97,347.82,1890,1099
1788184148,0,274.77,1890,1099
1788184149,0,185.80,1890,1099
1788184150,0,149.52,1740,1099
1788184151,97,137.11,1740,1099
1788184152,0,194.70,1905,1099
1788184153,0,173.78,1740,1099
1788184154,0,145.49,1740,1099
1788184155,97,162.47,1890,1099
1788184156,97,346.69,1890,1099
1788184157,97,346.41,1890,1099
1788184158,97,346.71,1890,1099
1788184159,97,347.31,1890,1099
1788184160,97,347.79,1890,1099
1788184161,0,197.82,1890,1099
1788184162,0,179.98,1890,1099
1788184163,0,148.04,1740,1099
1788184164,0,163.26,1905,1099
1788184165,0,176.06,1905,1099
1788184166,0,147.76,1740,1099
1788184167,0,137.95,1740,1099
1788184168,97,268.83,1890,1099
1788184169,97,346.35,1890,1099
1788184170,97,347.50,1890,1099
1788184172,97,347.25,1890,1099
1788184173,97,347.48,1890,1099
1788184174,97,347.96,1890,1099
1788184175,0,200.07,1890,1099
1788184176,0,182.26,1740,1099
1788184177,0,148.16,1740,1099
1788184178,0,201.92,1905,1099
1788184179,0,174.07,1905,1099
1788184180,0,147.69,1740,1099
1788184181,96,164.04,1905,1099
1788184182,97,346.88,1890,1099
1788184183,97,346.64,1890,1099
1788184184,97,347.11,1890,1099
1788184185,97,347.66,1890,1099
1788184186,97,348.02,1890,1099
1788184187,0,288.91,1890,1099
1788184188,0,182.39,1890,1099
1788184189,0,148.19,1740,1099
1788184190,0,138.95,1740,1099
1788184191,0,174.72,1905,1099
1788184192,0,175.95,1905,1099
1788184193,0,149.50,1740,1099
1788184194,0,128.98,1905,1099
1788184195,97,346.60,1890,1099
1788184196,97,346.80,1890,1099
1788184197,97,347.42,1890,1099
1788184198,97,347.78,1890,1099
1788184199,97,348.21,1890,1099
1788184200,0,262.50,1890,1099
1788184201,0,173.37,1890,1099
1788184202,0,147.90,1740,1099
1788184203,97,145.29,1905,1099
1788184205,0,188.37,1905,1099
1788184206,0,177.13,1740,1099
1788184207,0,149.99,1740,1099
1788184208,97,173.29,1890,1099
1788184209,97,345.96,1890,1099
1788184210,97,346.80,1890,1099
1788184211,97,347.63,1890,1099
1788184212,97,347.88,1890,1099
1788184213,97,348.17,1890,1099
1788184214,0,175.76,1890,1099
1788184215,0,148.39,1740,1099
1788184216,0,138.88,1740,1099
1788184217,0,161.69,1905,1099
1788184218,0,167.78,1905,1099
1788184219,0,147.80,1740,1099
1788184220,0,138.43,1740,1097
1788184221,0,130.07,1740,185
1788184222,0,130.23,1740,185
1788184223,0,58.92,405,185
1788184224,0,34.29,210,185
1788184225,0,31.39,210,185
1788184226,0,29.84,210,185
1788184227,0,29.86,210,185
1788184228,0,29.75,210,185
1788184229,0,29.66,210,185
1788184230,0,29.54,210,185
1788184231,0,29.38,210,185
1788184232,0,29.16,210,185
1788184233,0,29.06,210,185
1788184234,0,29.32,210,185
1788184236,0,29.12,210,185
1788184237,0,28.82,210,185
1788184238,0,28.85,210,185
1788184239,0,28.65,210,185
1788184240,0,28.81,210,185
1788184241,0,28.86,210,185
1788184242,0,28.49,210,185
1788184243,0,28.61,210,185
1788184244,0,28.67,210,185
1788184245,0,28.69,210,185
1788184246,0,28.49,210,185
1788184247,0,28.19,210,185
1788184248,0,28.28,210,185
1788184249,0,28.16,210,185
1788184250,0,28.41,210,185
1788184251,0,28.20,210,185
1788184252,0,28.00,210,185
1788184253,0,27.99,210,185
1788184254,0,28.29,210,185
1788184255,0,28.14,210,185
1788184256,0,27.89,210,185
1788184257,0,27.96,210,185
1788184258,0,27.82,210,185
1788184259,0,28.01,210,185
1788184260,0,33.60,210,185
1788184261,0,33.82,210,185
1788184262,0,28.17,210,185
1788184263,0,27.91,210,185
1788184265,0,27.90,210,185
1788184266,0,27.83,210,185
1788184267,0,27.66,210,185
1788184268,0,27.63,210,185
1788184269,0,27.91,210,185
1788184270,0,27.77,210,185
1788184271,0,27.54,210,185
1788184272,0,27.59,210,185
1788184273,0,27.47,210,185
1788184274,0,27.69,210,185
1788184275,0,27.76,210,185
1788184276,0,27.40,210,185
1788184277,0,27.40,210,185
1788184278,0,27.63,210,185
1788184279,0,28.00,210,185
1788184280,0,27.87,210,185
1788184281,0,27.50,210,185
1788184282,0,27.40,210,185
1788184283,0,30.23,735,188
1788184284,0,90.37,1740,22589
1788184285,0,119.05,1740,22591
1788184286,0,119.14,1740,22591
1788184287,0,119.14,1740,22591
1788184288,0,119.63,1740,22603
1788184289,0,151.27,1935,22607
1788184290,32,167.12,1740,22607
1788184291,0,147.45,1740,22607
1788184292,92,231.94,1875,22607
1788184293,93,348.83,1875,22607
1788184295,93,347.99,1875,22607
1788184296,91,348.42,1875,22607
1788184297,93,348.21,1920,22607
1788184298,0,276.95,1920,22607
1788184299,0,158.88,1920,22607
1788184300,0,139.26,1740,22607
1788184301,39,149.25,1740,22607
1788184302,0,160.56,1905,22607
1788184303,0,148.78,1905,22607
1788184304,0,136.12,1740,22607
1788184305,93,162.33,1875,22607
1788184306,93,348.21,1875,22607
1788184307,93,348.51,1860,22607
1788184308,93,348.59,1860,22607
1788184309,93,348.35,1860,22607
1788184310,0,253.21,1920,22607
1788184311,0,178.99,1920,22607
1788184312,0,140.55,1740,22607
1788184313,40,131.05,1770,22607
1788184314,0,179.98,1770,22607
1788184315,0,140.89,1770,22607
1788184316,0,122.37,1740,22607
1788184317,92,147.18,1875,22607
1788184318,92,347.64,1860,22607
1788184319,93,348.31,1860,22607
1788184320,93,348.32,1845,22607
1788184321,93,348.51,1860,22607
1788184322,0,275.49,1905,22607
1788184323,0,165.07,1905,22607
1788184325,0,143.30,1740,22607
1788184326,27,125.93,1740,22607
1788184327,0,184.83,1740,22607
1788184328,0,132.50,1740,22607
1788184329,0,122.89,1740,22607
1788184330,0,122.73,1740,22607
1788184331,94,192.12,1875,22607
1788184332,93,348.83,1860,22607
1788184333,93,348.17,1860,22607
1788184334,93,348.90,1845,22607
1788184335,93,348.78,1860,22607
1788184336,0,216.80,1905,22607
1788184337,0,180.05,1740,22607
1788184338,0,141.81,1740,22607
1788184339,39,142.51,1740,22607
1788184340,0,163.65,1740,22607
1788184341,0,140.27,1740,22607
1788184342,0,123.29,1740,22607
1788184343,93,147.56,1860,22607
1788184344,93,347.53,1860,22607
1788184345,93,348.31,1860,22607
1788184346,93,348.39,1860,22607
1788184347,93,348.17,1845,22607
1788184348,0,174.88,1905,22607
1788184349,0,142.76,1740,22607
1788184350,0,133.47,1740,22607
1788184351,39,150.93,1740,22607
1788184352,0,146.90,1740,22607
1788184353,0,139.13,1740,22607
1788184354,0,124.56,1740,22607
1788184356,93,170.60,1860,22607
1788184357,93,348.48,1845,22607
1788184358,92,348.35,1845,22607
1788184359,92,348.48,1830,22607
1788184360,93,348.08,1875,22607
1788184361,0,245.80,1905,22607
1788184362,0,143.25,1740,22607
1788184363,0,134.40,1740,22607
1788184364,40,181.80,1740,22607
1788184365,0,139.19,1740,22607
1788184366,0,125.04,1740,22607
1788184367,0,124.93,1740,22607
1788184368,93,180.70,1845,22607
1788184369,93,348.30,1845,22607
1788184370,93,348.67,1845,22607
1788184371,92,348.77,1845,22607
1788184372,92,348.25,1875,22607
1788184373,0,227.63,1905,22607
1788184374,0,173.11,1740,22607
1788184375,0,143.69,1740,22607
1788184376,37,142.66,1740,22607
1788184377,0,138.53,1740,22607
1788184378,0,125.34,1740,22607
1788184379,0,125.21,1740,22607
1788184380,93,257.45,1845,22607
1788184381,93,348.55,1845,22607
1788184382,93,348.53,1845,22607
1788184383,92,348.78,1830,22607
1788184384,92,348.14,1875,22607
1788184385,0,206.07,1905,22607
1788184387,0,169.51,1740,22607
1788184388,0,143.80,1740,22607
1788184389,40,147.68,1740,22607
1788184390,0,161.33,1740,22607
1788184391,0,137.77,1740,22607
1788184392,0,125.77,1740,22607
1788184393,93,270.80,1845,22607
1788184394,93,348.29,1830,22607
1788184395,93,348.56,1830,22607
1788184396,93,348.25,1830,22607
1788184397,92,348.17,1890,22607
1788184398,0,184.35,1905,22607
1788184399,0,146.28,1740,22607
1788184400,0,136.37,1740,22607
1788184401,39,152.26,1755,22607
1788184402,0,153.39,1755,22607
1788184403,0,145.30,1740,22607
1788184404,0,126.84,1740,22607
1788184405,93,170.22,1845,22607
1788184406,92,348.58,1845,22607
1788184407,93,348.71,1845,22607
1788184408,93,348.15,1830,22607
1788184409,85,347.72,1890,22607
1788184410,0,185.88,1905,22607
1788184411,0,146.93,1740,22607
1788184412,0,136.97,1740,22607
1788184413,41,172.45,1740,22607
1788184414,0,151.05,1740,22607
1788184415,0,143.18,1740,22607
1788184416,0,126.45,1740,22607
1788184418,92,169.25,1845,22607
1788184419,93,348.40,1845,22607
1788184420,93,348.39,1830,22607
1788184421,93,348.56,1830,22607
1788184422,92,348.60,1830,22607
1788184423,0,256.30,1905,22607
1788184424,0,144.80,1740,22607
1788184425,0,135.76,1740,22607
1788184426,39,178.37,1755,22607
1788184427,0,149.75,1770,22607
1788184428,0,141.65,1740,22607
1788184429,0,128.70,1740,22607
1788184430,93,179.66,1845,22607
1788184431,93,348.66,1845,22607
1788184432,91,348.36,1830,22607
1788184433,93,348.10,1830,22607
1788184434,93,348.39,1830,22607
1788184435,0,241.83,1905,22607
1788184436,0,169.71,1740,22607
1788184437,0,147.20,1740,22607
1788184438,37,141.33,1770,22607
1788184439,0,139.45,1770,22607
1788184440,0,128.92,1740,22607
1788184441,0,128.53,1740,22607
1788184442,93,201.26,1845,22607
1788184443,92,347.79,1845,22607
1788184444,93,347.93,1830,22607
1788184445,93,348.19,1830,22607
1788184446,93,348.43,1830,22607
1788184448,0,222.27,1905,22607
1788184449,0,186.21,1740,22607
1788184450,0,148.93,1740,22607
1788184451,39,145.79,1740,22607
1788184452,0,167.88,1740,22607
1788184453,0,143.86,1740,22607
1788184454,0,126.85,1740,22607
1788184455,93,249.53,1845,22607
1788184456,92,348.77,1830,22607
1788184457,92,348.11,1830,22607
1788184458,92,348.28,1830,22607
1788184459,93,348.30,1830,22607
1788184460,0,204.76,1890,22607
1788184461,0,168.77,1740,22607
1788184462,0,147.60,1740,22607
1788184463,40,149.41,1740,22607
1788184464,0,162.02,1740,22607
1788184465,0,137.60,1740,22607
1788184466,0,127.28,1740,22607
1788184467,93,161.67,1845,22607
1788184468,93,347.44,1830,22607
1788184469,92,348.22,1830,22607
1788184470,93,348.22,1830,22607
1788184471,93,348.35,1830,22607
1788184472,0,186.52,1905,22607
1788184473,0,149.32,1740,22607
1788184474,0,138.62,1740,22607
1788184475,0,128.08,1740,22607
1788184476,39,133.50,1740,22607
1788184477,0,186.96,1740,22607
1788184479,0,138.89,1740,22607
1788184480,0,127.11,1740,22607
1788184481,0,127.38,1860,22607
1788184482,93,272.98,1845,22607
1788184483,93,348.24,1830,22607
1788184484,93,348.04,1830,22607
1788184485,92,348.18,1830,22607
1788184486,0,251.30,1890,22607
1788184487,0,179.07,1905,22607
1788184488,0,147.35,1740,22607
1788184489,41,135.99,1740,22607
1788184490,0,185.69,1740,22607
1788184491,0,138.15,1740,22607
1788184492,0,127.19,1740,22607
1788184493,0,127.09,1845,22607
1788184494,93,335.14,1830,22607
1788184495,92,347.31,1830,22607
1788184496,92,348.46,1830,22607
1788184497,93,347.96,1830,22607
1788184498,10,333.09,1890,22607
1788184499,0,171.95,1905,22607
1788184500,0,139.03,1740,22607
1788184501,41,147.43,1770,22607
1788184502,0,183.08,1770,22607
1788184503,0,141.59,1770,22607
1788184504,0,129.43,1740,22607
1788184505,92,140.95,1845,22607
1788184506,93,343.41,1845,22607
1788184507,93,347.96,1845,22607
1788184509,93,347.89,1830,22607
1788184510,93,348.31,1830,22607
1788184511,0,311.97,1890,22607
1788184512,0,186.39,1890,22607
1788184513,0,148.05,1740,22607
1788184514,0,138.01,1770,22607
1788184515,0,183.67,1785,22607
1788184516,0,142.12,1785,22607
1788184517,0,130.69,1740,22607
1788184518,93,155.03,1845,22607
1788184519,93,347.70,1845,22607
1788184520,93,348.24,1830,22607
1788184521,93,348.18,1830,22607
1788184522,92,348.33,1830,22607
1788184523,0,292.07,1890,22607
1788184524,0,184.44,1890,22607
1788184525,0,148.34,1740,22607
1788184526,0,128.45,1740,22607
1788184527,0,176.55,1740,22607
1788184528,0,143.60,1740,22607
1788184529,0,127.65,1740,22607
1788184530,0,127.76,1845,22607
1788184531,93,348.78,1830,22607
1788184532,93,348.13,1845,22607
1788184533,93,348.14,1830,22607
1788184534,93,348.11,1830,22607
1788184535,0,269.45,1890,22607
1788184536,0,179.70,1890,22607
1788184537,0,148.21,1740,22607
1788184538,40,134.21,1740,22607
1788184540,0,191.89,1755,22607
1788184541,0,144.13,1755,22607
1788184542,0,128.86,1740,22607
1788184543,0,127.60,1845,22607
1788184544,93,273.32,1830,22607
1788184545,93,348.27,1830,22607
1788184546,93,348.45,1830,22607
1788184547,93,348.39,1830,22607
1788184548,0,251.59,1890,22607
1788184549,0,179.74,1890,22607
1788184550,0,148.72,1740,22607
1788184551,41,134.51,1740,22607
1788184552,0,189.96,1740,22607
1788184553,0,141.37,1740,22607
1788184554,0,127.77,1740,22607
1788184555,0,127.91,1740,22607
1788184556,93,191.58,1845,22607
1788184557,93,348.16,1830,22607
1788184558,93,348.38,1830,22607
1788184559,93,348.31,1830,22607
1788184560,93,348.04,1890,22607
1788184561,0,182.48,1890,22607
1788184562,0,148.17,1740,22607
1788184563,0,138.09,1740,22607
1788184564,40,163.37,1770,22607
1788184565,0,168.04,1770,22607
1788184566,0,143.34,1770,22607
1788184567,0,128.69,1740,22607
1788184568,93,155.18,1845,22607
1788184570,93,343.58,1830,22607
1788184571,93,347.80,1830,22607
1788184572,93,347.87,1830,22607
1788184573,93,348.70,1830,22607
1788184574,0,284.93,1890,22607
1788184575,0,178.21,1890,22607
1788184576,0,146.33,1740,22607
1788184577,40,152.86,1770,22607
1788184578,0,160.62,1770,22607
1788184579,0,144.28,1770,22607
1788184580,0,129.10,1740,22607
1788184581,93,172.53,1845,22607
1788184582,93,348.16,1845,22607
1788184583,93,348.55,1830,22607
1788184584,94,348.14,1830,22607
1788184585,93,348.25,1830,22607
1788184586,0,263.01,1890,22607
1788184587,0,173.24,1890,22607
1788184588,0,146.85,1740,22607
1788184589,40,135.82,1755,22607
1788184590,0,190.05,1755,22607
1788184591,0,140.96,1755,22607
1788184592,0,128.45,1740,22607
1788184593,92,181.75,1845,22607
1788184594,92,348.18,1830,22607
1788184595,93,348.31,1830,22607
1788184596,93,348.24,1830,22607
1788184597,93,348.49,1830,22607
1788184598,0,245.20,1890,22607
1788184600,0,173.62,1890,22607
1788184601,0,146.73,1740,22607
1788184602,0,137.35,1740,22607
1788184603,40,163.32,1740,22607
1788184604,0,147.86,1740,22607
1788184605,0,139.47,1740,22607
1788184606,0,127.87,1740,22607
1788184607,93,335.10,1830,22607
1788184608,93,347.87,1830,22607
1788184609,93,348.26,1830,22607
1788184610,93,348.45,1845,22607
1788184611,14,316.37,1890,22607
1788184612,0,173.33,1890,22607
1788184613,0,146.89,1740,22607
1788184614,0,137.64,1740,22607
1788184615,41,185.37,1755,22607
1788184616,0,145.48,1755,22607
1788184617,0,128.84,1740,22607
1788184618,0,128.53,1740,22607
1788184619,0,127.96,1845,22607
1788184620,93,304.20,1830,22607
1788184621,93,348.13,1830,22607
1788184622,93,348.09,1830,22607
1788184623,92,348.30,1830,22607
1788184624,0,259.88,1890,22607
1788184625,0,170.04,1890,22607
1788184626,0,146.22,1740,22607
1788184627,40,135.12,1770,22607
1788184628,0,192.55,1770,22607
1788184629,0,143.58,1770,22607
1788184631,0,128.69,1740,22607
1788184632,0,127.58,1740,22607
1788184633,93,324.74,1830,22607
1788184634,92,348.51,1830,22607
1788184635,93,348.84,1845,22607
1788184636,93,348.39,1830,22607
1788184637,28,336.65,1890,22607
1788184638,0,175.58,1890,22607
1788184639,0,146.67,1740,22607
1788184640,40,140.28,1770,22607
1788184641,0,184.56,1770,22607
1788184642,0,143.56,1770,22607
1788184643,0,129.86,1740,22607
1788184644,89,137.87,1845,22607
1788184645,92,341.80,1830,22607
1788184646,93,348.00,1830,22607
1788184647,92,347.95,1830,22607
1788184648,93,348.51,1830,22607
1788184649,0,316.69,1890,22607
1788184650,0,173.43,1890,22607
1788184651,0,146.27,1740,22607
1788184652,0,146.27,1740,22607
1788184653,0,171.58,1755,22607
1788184654,0,140.34,1755,22607
1788184655,0,128.61,1740,22607
1788184656,93,147.60,1845,22607
1788184657,93,340.40,1830,22607
1788184658,93,347.91,1830,22607
1788184659,93,347.79,1830,22607
1788184661,93,348.16,1830,22607
1788184662,0,299.80,1890,22607
1788184663,0,174.89,1890,22607
1788184664,0,146.66,1740,22607
1788184665,0,137.17,1740,22607
1788184666,39,158.93,1755,22607
1788184667,0,164.04,1755,22607
1788184668,0,139.75,1740,22607
1788184669,0,127.97,1740,22607
1788184670,0,127.40,1740,22607
1788184671,62,143.37,1905,185
1788184672,0,151.13,1905,185
1788184673,0,143.58,390,185
1788184674,0,91.38,225,185
1788184675,0,36.76,210,185
1788184676,0,31.70,210,185
1788184677,0,29.67,210,185
1788184678,0,29.47,210,185
1788184679,0,29.32,210,185
1788184680,0,33.58,210,185
1788184681,0,34.83,210,185
1788184682,0,30.22,210,185
1788184683,0,29.32,210,185
1788184684,0,29.08,210,185
1788184685,0,28.88,210,185
1788184686,0,28.93,210,185
1788184687,0,28.90,210,185
1788184688,0,28.86,210,185
1788184689,0,28.76,210,185
1788184690,0,28.58,210,185
1788184692,0,28.81,210,185
1788184693,0,28.64,210,185
1788184694,0,28.63,210,185
1788184695,0,28.83,210,185
1788184696,0,28.51,210,185
1788184697,0,28.42,210,185
1788184698,0,28.41,210,185
1788184699,0,28.30,210,185
1788184700,0,28.12,210,185
1788184701,0,28.07,210,185
1788184702,0,28.37,210,185
1788184703,0,28.19,210,185
1788184704,0,27.90,210,185
1788184705,0,28.03,210,185
1788184706,0,27.95,210,185
1788184707,0,28.15,210,185
1788184708,0,28.20,210,185
1788184709,0,27.83,210,185
1788184710,0,27.78,210,185
1788184711,0,27.89,210,185
1788184712,0,28.00,210,185
1788184713,0,27.95,210,185
1788184714,0,27.73,210,185
1788184715,0,27.68,210,185
1788184716,0,27.71,210,185
1788184717,0,27.79,210,185
1788184718,0,27.74,210,185
1788184720,0,27.51,210,185
1788184721,0,27.50,210,185
1788184722,0,27.80,210,185
1788184723,0,27.67,210,185
1788184724,0,27.45,210,185
1788184725,0,27.57,210,185
1788184726,0,27.38,210,185
1788184727,0,27.52,210,185
1788184728,0,27.60,210,185
1788184729,0,27.28,210,185
1788184730,0,27.29,210,185
1788184731,0,27.39,210,185
1788184732,0,27.47,210,185
1788184733,0,59.33,1740,18555
1788184734,0,118.88,1740,18555
1788184735,0,120.54,1740,18559
1788184736,0,121.23,1740,18559
1788184737,0,121.64,1740,18559
1788184738,0,122.55,1740,18559
1788184739,0,121.40,1740,18559
1788184740,0,119.35,1740,18559
1788184741,0,119.45,1740,18559
1788184742,42,126.56,1740,18571
1788184743,27,198.17,1935,18571
1788184744,0,177.49,1935,18571
1788184745,0,220.13,1920,18571
1788184746,0,156.97,1920,18571
1788184747,0,136.10,1740,18571
1788184749,0,120.38,1740,18571
1788184750,100,138.75,1815,18573
1788184751,100,343.30,1815,18573
1788184752,100,347.99,1815,18573
1788184753,100,348.41,1815,18573
1788184754,100,348.81,1815,18573
1788184755,100,348.62,1815,18573
1788184756,57,225.78,1920,18573
1788184757,0,194.74,1920,18573
1788184758,72,191.31,1920,18573
1788184759,0,191.65,1920,18573
1788184760,0,144.23,1740,18573
1788184761,6,124.99,1740,18573
1788184762,0,123.85,1740,18573
1788184763,0,179.65,1920,18573
1788184764,0,166.27,1920,18573
1788184765,0,141.54,1740,18573
1788184766,10,121.91,1740,18573
1788184767,43,212.88,1920,18573
1788184768,0,178.07,1920,18573
1788184769,0,144.98,1740,18573
1788184770,0,124.07,1740,18573
1788184771,0,121.93,1740,18573
1788184772,100,162.45,1815,18573
1788184773,100,348.98,1800,18573
1788184774,100,348.77,1800,18573
1788184775,100,348.71,1800,18573
1788184776,100,348.80,1800,18573
1788184778,100,348.60,1800,18575
1788184779,0,235.76,1905,18575
1788184780,0,179.89,1740,18575
1788184781,0,144.45,1740,18575
1788184782,45,139.34,1920,18577
1788184783,0,203.24,1920,18577
1788184784,0,165.54,1740,18577
1788184785,0,138.71,1740,18577
1788184786,100,205.85,1815,18577
1788184787,100,349.10,1800,18577
1788184788,100,349.14,1800,18577
1788184789,100,348.94,1800,18577
1788184790,100,348.77,1800,18577
1788184791,100,349.00,1785,18577
1788184792,0,222.35,1905,18577
1788184793,0,167.15,1740,18577
1788184794,0,144.02,1740,18577
1788184795,44,147.79,1905,18577
1788184796,0,198.47,1905,18577
1788184797,0,165.43,1740,18577
1788184798,0,139.64,1740,18577
1788184799,50,129.23,1800,18577
1788184800,100,349.29,1800,18577
1788184801,100,349.11,1800,18577
1788184802,100,349.39,1800,18577
1788184803,100,349.07,1785,18577
1788184804,100,349.01,1785,18577
1788184805,0,204.88,1905,18577
1788184806,0,167.82,1740,18577
1788184807,0,144.82,1740,18577
1788184809,43,154.98,1905,18577
1788184810,0,192.24,1905,18577
1788184811,0,168.24,1740,18577
1788184812,0,140.78,1740,18577
1788184813,100,137.19,1800,18577
1788184814,100,345.20,1800,18577
1788184815,100,347.51,1800,18577
1788184816,100,349.20,1785,18577
1788184817,100,349.02,1785,18577
1788184818,100,349.05,1770,18577
1788184819,0,194.12,1905,18577
1788184820,0,175.58,1740,18577
1788184821,0,146.12,1740,18577
1788184822,42,160.18,1905,18577
1788184823,0,185.34,1905,18577
1788184824,0,160.76,1740,18577
1788184825,0,143.07,1740,18577
1788184826,100,147.35,1800,18577
1788184827,100,347.02,1785,18577
1788184828,100,347.89,1785,18577
1788184829,100,348.13,1785,18577
1788184830,100,348.14,1785,18577
1788184831,100,348.74,1845,18577
1788184832,0,179.55,1905,18577
1788184833,0,146.39,1740,18577
1788184834,0,136.50,1740,18577
1788184835,43,165.80,1905,18577
1788184836,0,176.41,1905,18577
1788184837,0,164.30,1740,18577
1788184838,0,143.66,1740,18577
1788184840,100,154.70,1800,18577
1788184841,100,349.11,1785,18577
1788184842,100,348.64,1785,18577
1788184843,100,348.56,1785,18577
1788184844,100,348.61,1785,18577
1788184845,100,348.61,1845,18577
1788184846,0,168.17,1890,18577
1788184847,0,145.20,1740,18577
1788184848,0,136.05,1740,18577
1788184849,40,172.04,1905,18577
1788184850,0,169.39,1905,18577
1788184851,0,144.08,1740,18577
1788184852,0,135.05,1740,18577
1788184853,100,160.37,1800,18577
1788184854,100,349.36,1785,18577
1788184855,100,348.98,1785,18577
1788184856,100,348.86,1785,18577
1788184857,100,348.99,1770,18577
1788184858,100,349.24,1830,18577
1788184859,0,249.71,1890,18577
1788184860,0,149.99,1740,18577
1788184861,0,140.43,1740,18577
1788184862,45,186.42,1905,18577
1788184863,0,164.07,1905,18577
1788184864,0,143.00,1740,18577
1788184865,0,134.86,1740,18577
1788184866,100,218.72,1785,18577
1788184867,100,349.31,1785,18577
1788184868,100,349.18,1785,18577
1788184870,100,349.28,1785,18577
1788184871,100,349.65,1785,18577
1788184872,100,349.44,1875,18577
1788184873,0,218.04,1875,18577
1788184874,0,180.72,1740,18577
1788184875,0,144.76,1740,18577
1788184876,44,148.63,1905,18577
1788184877,0,202.11,1905,18577
1788184878,0,142.93,1740,18577
1788184879,0,135.04,1740,18577
1788184880,100,219.62,1800,18577
1788184881,100,349.18,1785,18577
1788184882,100,349.15,1785,18577
1788184883,100,349.12,1785,18577
1788184884,100,349.20,1785,18577
1788184885,100,349.14,1830,18577
1788184886,0,214.47,1890,18577
1788184887,0,177.99,1740,18577
1788184888,0,148.11,1740,18577
1788184889,43,154.68,1905,18577
1788184890,0,198.52,1905,18577
1788184891,0,162.33,1740,18577
1788184892,0,144.65,1740,18577
1788184893,100,234.08,1800,18577
1788184894,100,349.50,1785,18577
1788184895,100,348.85,1785,18577
1788184896,100,348.68,1785,18577
1788184897,100,349.24,1785,18577
1788184898,100,349.10,1860,18577
1788184900,0,200.12,1890,18577
1788184901,0,181.91,1740,18577
1788184902,0,148.39,1740,18577
1788184903,42,159.01,1905,18577
1788184904,0,187.71,1905,18577
1788184905,0,164.92,1740,18577
1788184906,0,144.85,1740,18577
1788184907,100,147.42,1785,18577
1788184908,100,348.94,1785,18577
1788184909,100,349.36,1785,18577
1788184910,100,349.05,1770,18577
1788184911,100,349.06,1770,18577
1788184912,100,348.90,1890,18577
1788184913,0,183.53,1890,18577
1788184914,0,148.82,1740,18577
1788184915,0,138.62,1740,18577
1788184916,41,165.91,1905,18577
1788184917,0,179.92,1905,18577
1788184918,0,167.75,1740,18577
1788184919,0,145.42,1740,18577
1788184920,100,154.66,1785,18577
1788184921,100,349.37,1785,18577
1788184922,100,348.75,1785,18577
1788184923,100,348.96,1770,18577
1788184924,100,348.81,1770,18577
1788184925,100,348.61,1890,18577
1788184926,0,171.79,1890,18577
1788184927,0,147.03,1740,18577
1788184928,0,138.37,1740,18577
1788184929,43,173.56,1905,18577
1788184931,0,170.88,1905,18577
1788184932,0,145.50,1740,18577
1788184933,0,136.75,1740,18577
1788184934,100,164.65,1785,18577
1788184935,100,349.15,1785,18577
1788184936,100,349.09,1785,18577
1788184937,100,348.96,1770,18577
1788184938,100,349.11,1770,18577
1788184939,20,334.40,1890,18577
1788184940,0,173.70,1890,18577
1788184941,0,146.83,1740,18577
1788184942,0,137.75,1740,18577
1788184943,42,219.04,1905,18577
1788184944,0,163.21,1905,18577
1788184945,0,143.60,1740,18577
1788184946,0,135.70,1740,18577
1788184947,100,170.66,1785,18577
1788184948,100,349.13,1785,18577
1788184949,100,349.06,1785,18577
1788184950,100,349.02,1770,18577
1788184951,100,349.16,1770,18577
1788184952,100,349.39,1890,18577
1788184953,0,182.97,1890,18577
1788184954,0,147.47,1740,18577
1788184955,0,138.12,1740,18577
1788184956,15,215.92,1905,18577
1788184957,0,167.23,1905,18577
1788184958,0,143.98,1740,18577
1788184959,0,135.86,1740,18577
1788184960,100,216.40,1785,18577
1788184962,100,349.29,1785,18577
1788184963,100,349.33,1785,18577
1788184964,100,348.83,1785,18577
1788184965,100,348.45,1770,18577
1788184966,100,348.39,1890,18577
1788184967,0,223.85,1890,18577
1788184968,0,187.66,1740,18577
1788184969,0,151.03,1740,18577
1788184970,0,203.72,1905,18577
1788184971,0,172.41,1905,18577
1788184972,0,143.66,1740,18577
1788184973,0,135.96,1740,18577
1788184974,100,219.05,1785,18577
1788184975,100,348.93,1785,18577
1788184976,100,349.40,1785,18577
1788184977,100,348.86,1770,18577
1788184978,100,348.75,1770,18577
1788184979,100,349.07,1890,18577
1788184980,0,216.48,1890,18577
1788184981,0,152.07,1890,18577
1788184982,0,139.91,1740,18577
1788184983,42,165.45,1905,18577
1788184984,0,199.14,1905,18577
1788184985,0,145.87,1740,18577
1788184986,0,137.05,1740,18577
1788184987,100,232.71,1785,18577
1788184988,100,349.29,1785,18577
1788184989,100,348.96,1785,18577
1788184990,100,349.09,1785,18577
1788184992,100,348.96,1770,18577
1788184993,100,348.75,1890,18577
1788184994,0,203.75,1890,18577
1788184995,0,186.00,1740,18577
1788184996,0,149.74,1740,18577
1788184997,41,161.71,1905,18577
1788184998,0,192.55,1905,18577
1788184999,0,168.34,1740,18577
1788185000,0,145.86,1740,18577
1788185001,100,237.98,1785,18577
1788185002,100,349.26,1785,18577
1788185003,100,349.22,1785,18577
1788185004,100,348.69,1770,18577
1788185005,100,348.40,1770,18577
1788185006,100,348.44,1890,18577
1788185007,0,190.09,1890,18577
1788185008,0,172.11,1740,18577
1788185009,0,147.62,1740,18577
1788185010,41,166.83,1905,18577
1788185011,0,186.70,1905,18577
1788185012,0,174.00,1740,18577
1788185013,0,146.36,1740,18577
1788185014,100,151.60,1785,18577
1788185015,100,348.45,1785,18577
1788185016,100,349.24,1770,18577
1788185017,100,348.91,1770,18577
1788185018,100,347.94,1770,18577
1788185019,100,348.69,1890,18577
1788185020,0,179.62,1890,18577
1788185021,0,148.10,1740,18577
1788185023,0,139.01,1740,18577
1788185024,41,172.54,1890,18577
1788185025,0,177.14,1890,18577
1788185026,0,164.45,1740,18577
1788185027,0,144.90,1740,18577
1788185028,100,161.97,1800,18577
1788185029,100,349.30,1785,18577
1788185030,100,349.20,1770,18577
1788185031,100,348.76,1770,18577
1788185032,100,349.04,1770,18577
1788185033,64,342.57,1890,18577
1788185034,0,182.34,1890,18577
1788185035,0,147.96,1740,18577
1788185036,0,138.67,1740,18577
1788185037,45,218.76,1890,18577
1788185038,0,168.26,1890,18577
1788185039,0,145.00,1740,18577
1788185040,0,136.46,1740,18577
1788185041,100,194.49,1785,18577
1788185042,100,349.04,1770,18577
1788185043,100,348.87,1770,18577
1788185044,100,348.27,1785,18577
1788185045,100,348.64,1785,18577
1788185046,1,330.83,1890,18577
1788185047,0,170.97,1890,18577
1788185048,0,149.98,1740,18577
1788185049,0,140.07,1740,18577
1788185050,27,214.84,1905,18577
1788185051,0,170.91,1905,18577
1788185052,0,144.39,1740,18577
1788185054,0,136.41,1740,18577
1788185055,100,210.72,1785,18577
1788185056,100,349.06,1785,18577
1788185057,100,348.68,1785,18577
1788185058,100,348.48,1770,18577
1788185059,100,348.56,1770,18577
1788185060,100,348.38,1890,18577
1788185061,0,175.54,1890,18577
1788185062,0,150.44,1740,18577
1788185063,0,140.31,1740,18577
1788185064,0,210.52,1905,18577
1788185065,0,173.77,1905,18577
1788185066,0,145.22,1740,18577
1788185067,0,136.83,1740,18577
1788185068,100,218.48,1785,18577
1788185069,100,348.90,1785,18577
1788185070,100,348.56,1770,18577
1788185071,100,349.03,1770,18577
1788185072,100,348.63,1770,18577
1788185073,100,348.74,1890,18577
1788185074,0,216.88,1890,18577
1788185075,0,180.48,1740,18577
1788185076,0,140.21,1740,18577
1788185077,41,177.82,1905,18577
1788185078,0,189.05,1905,18577
1788185079,0,165.10,1905,18577
1788185080,0,146.58,1740,18577
1788185081,100,149.35,1785,18577
1788185082,100,346.95,1785,18577
1788185084,100,347.84,1785,18577
1788185085,100,348.73,1785,18577
1788185086,100,348.45,1785,18577
1788185087,100,348.20,1785,18577
1788185088,0,273.31,1890,18577
1788185089,0,184.06,1890,18577
1788185090,0,150.11,1740,18577
1788185091,43,168.07,1905,18577
1788185092,0,180.40,1905,18577
1788185093,0,167.77,1740,18577
1788185094,0,146.66,1740,18577
1788185095,100,156.46,1800,18577
1788185096,100,349.43,1770,18577
1788185097,100,349.21,1785,18577
1788185098,100,348.67,1770,18577
1788185099,100,348.87,1785,18577
1788185100,100,348.78,1785,18577
1788185101,0,260.85,1890,18577
1788185102,0,171.98,1890,18577
1788185103,0,148.54,1740,18577
1788185104,45,141.54,1905,18577
1788185105,0,220.50,1905,18577
1788185106,0,146.73,1740,18577
1788185107,0,137.77,1740,18577
1788185108,100,164.18,1800,18577
1788185109,100,349.02,1785,18577
1788185110,100,348.86,1785,18577
1788185111,100,349.04,1770,18577
1788185113,100,349.20,1785,18577
1788185114,100,348.95,1770,18577
1788185115,0,247.34,1890,18577
1788185116,0,175.80,1740,18577
1788185117,0,148.47,1740,18577
1788185118,45,145.68,1905,18577
1788185119,0,216.13,1905,18577
1788185120,0,173.30,1740,18577
1788185121,0,147.28,1740,18577
1788185122,100,224.23,1800,18577
1788185123,100,349.05,1785,18577
1788185124,100,348.68,1785,18577
1788185125,100,349.40,1770,18577
1788185126,100,349.08,1770,18577
1788185127,100,348.95,1770,18577
1788185128,0,211.64,1890,18577
1788185129,0,175.66,1740,18577
1788185130,0,148.58,1740,18577
1788185131,40,161.31,1905,18577
1788185132,0,198.89,1905,18577
1788185133,0,174.82,1740,18577
1788185134,0,147.01,1740,18577
1788185135,13,141.77,1785,18577
1788185136,100,349.13,1785,18577
1788185137,100,349.48,1785,18577
1788185138,100,348.87,1785,18577
1788185139,100,348.51,1770,18577
1788185140,100,348.49,1770,18577
1788185141,0,198.23,1890,18577
1788185142,0,180.21,1740,18577
1788185144,0,148.79,1740,18577
1788185145,41,164.68,1905,18577
1788185146,0,193.38,1905,18577
1788185147,0,169.35,1740,18577
1788185148,0,145.25,1740,18577
1788185149,100,146.10,1785,18577
1788185150,100,345.59,1785,18577
1788185151,100,347.86,1770,18577
1788185152,100,349.00,1770,18577
1788185153,100,348.59,1785,18577
1788185154,100,348.62,1785,18577
1788185155,0,191.43,1890,18577
1788185156,0,173.61,1740,18577
1788185157,0,150.40,1740,18577
1788185158,41,164.66,1905,18577
1788185159,0,185.73,1905,18577
1788185160,0,147.40,1740,18577
1788185161,0,138.96,1740,18577
1788185162,56,129.46,1905,483
1788185163,0,153.66,1905,185
1788185164,0,151.85,1905,185
1788185165,0,142.01,405,185
1788185166,0,89.28,240,185
1788185167,0,36.10,210,185
1788185168,0,32.63,210,185
1788185169,0,30.26,210,185
1788185170,0,30.06,210,185
1788185171,0,29.94,210,185
1788185172,0,29.67,210,185
1788185174,0,29.63,210,185
1788185175,0,29.63,210,185
1788185176,0,29.55,210,185
1788185177,0,29.22,210,185
1788185178,0,29.11,210,185
1788185179,0,29.26,210,185
1788185180,0,29.15,210,185
1788185181,0,29.00,210,185
1788185182,0,29.00,210,185
1788185183,0,28.77,210,185
1788185184,0,28.93,210,185
1788185185,0,29.06,210,185
1788185186,0,28.82,210,185
1788185187,0,28.91,210,185
1788185188,0,28.86,210,185
1788185189,0,28.86,210,185
1788185190,0,28.65,210,185
1788185191,0,28.40,210,185
1788185192,0,28.49,210,185
1788185193,0,28.31,210,185
1788185194,0,28.49,210,185
1788185195,0,28.60,210,185
1788185196,0,28.26,210,185
1788185197,0,28.20,210,185
1788185198,0,28.26,210,185
1788185199,0,28.35,210,185
1788185200,0,28.36,210,185
1788185201,0,28.14,210,185
1788185203,0,28.07,210,185
1788185204,0,28.36,210,185
1788185205,0,28.27,210,185
1788185206,0,28.03,210,185
1788185207,0,28.08,210,185
1788185208,0,27.93,210,185
1788185209,0,28.12,210,185
1788185210,0,28.23,210,185
1788185211,0,27.90,210,185
1788185212,0,27.85,210,185
1788185213,0,27.91,210,185
1788185214,0,28.01,210,185
1788185215,0,28.00,210,185
1788185216,0,27.87,210,185
1788185217,0,27.72,210,185
1788185218,0,27.68,210,185
1788185219,0,27.99,210,185
1788185220,0,30.73,210,185
1788185221,0,31.85,210,185
1788185222,0,28.95,210,185
1788185223,0,27.93,210,185
1788185224,0,27.72,210,185
1788185225,0,52.14,1740,18555
1788185226,0,119.26,1740,18557
1788185227,0,121.03,1740,18559
1788185228,0,121.65,1740,18559
1788185229,0,121.91,1740,18559
1788185231,1,124.75,1740,18559
1788185232,0,119.90,1740,18559
1788185233,0,119.66,1740,18559
1788185234,0,119.79,1740,18559
1788185235,6,119.96,1920,18571
1788185236,27,203.17,1935,18571
1788185237,0,147.80,1740,18571
1788185238,0,142.75,1740,18571
1788185239,4,214.54,1935,18571
1788185240,0,143.31,1935,18571
1788185241,0,137.15,1740,18571
1788185242,100,224.39,1815,18573
1788185243,100,349.11,1830,18573
1788185244,100,348.98,1830,18573
1788185245,100,349.02,1815,18573
1788185246,100,349.04,1920,18573
1788185247,73,237.18,1920,18573
1788185248,0,193.43,1920,18573
1788185249,0,144.10,1740,18573
1788185250,57,141.67,1920,18573
1788185251,0,166.06,1920,18573
1788185252,0,138.78,1740,18573
1788185253,7,123.02,1740,18573
1788185254,0,124.32,1740,18573
1788185255,0,171.60,1920,18573
1788185256,0,144.52,1920,18573
1788185257,0,144.45,1920,18573
1788185259,0,127.74,1740,18573
1788185260,41,139.91,1755,18573
1788185261,30,176.55,1800,18573
1788185262,0,136.91,1800,18573
1788185263,0,127.20,1800,18573
1788185264,0,124.89,1740,18573
1788185265,0,123.28,1740,18573
1788185266,100,174.48,1830,18573
1788185267,100,349.08,1800,18573
1788185268,100,348.56,1800,18573
1788185269,100,348.69,1800,18573
1788185270,0,326.55,1905,18575
1788185271,0,179.55,1920,18575
1788185272,0,141.48,1740,18575
1788185273,0,132.30,1740,18577
1788185274,43,181.17,1815,18577
1788185275,0,140.26,1815,18577
1788185276,0,128.18,1740,18577
1788185277,0,125.49,1740,18577
1788185278,100,162.86,1815,18577
1788185279,100,349.26,1800,18577
1788185280,100,348.84,1800,18577
1788185281,100,348.90,1800,18577
1788185282,0,329.83,1905,18577
1788185283,0,183.73,1905,18577
1788185284,0,144.21,1740,18577
1788185285,0,134.20,1740,18577
1788185286,40,190.72,1845,18577
1788185287,0,145.13,1845,18577
1788185288,0,127.47,1740,18577
1788185290,0,125.27,1740,18577
1788185291,100,165.15,1800,18577
1788185292,100,348.90,1800,18577
1788185293,100,348.74,1800,18577
1788185294,100,348.55,1800,18577
1788185295,100,348.69,1890,18577
1788185296,0,239.01,1905,18577
1788185297,0,183.74,1740,18577
1788185298,0,136.22,1740,18577
1788185299,40,188.81,1830,18577
1788185300,0,145.75,1830,18577
1788185301,0,131.97,1740,18577
1788185302,0,127.99,1740,18577
1788185303,100,164.43,1785,18577
1788185304,100,349.12,1800,18577
1788185305,100,348.85,1800,18577
1788185306,100,348.74,1800,18577
1788185307,100,349.01,1800,18577
1788185308,0,238.79,1905,18577
1788185309,0,183.95,1740,18577
1788185310,0,145.52,1740,18577
1788185311,39,138.82,1845,18577
1788185312,0,190.43,1845,18577
1788185313,0,133.19,1740,18577
1788185314,0,129.27,1740,18577
1788185315,100,160.71,1800,18577
1788185316,100,349.07,1800,18577
1788185317,100,348.63,1800,18577
1788185318,100,348.39,1800,18577
1788185320,100,348.31,1800,18577
1788185321,0,245.44,1905,18577
1788185322,0,172.65,1905,18577
1788185323,0,146.46,1740,18577
1788185324,40,139.18,1755,18577
1788185325,0,181.65,1755,18577
1788185326,0,142.86,1755,18577
1788185327,0,126.75,1740,18577
1788185328,0,125.86,1800,18577
1788185329,100,349.19,1785,18577
1788185330,100,349.14,1800,18577
1788185331,100,348.57,1800,18577
1788185332,100,348.77,1800,18577
1788185333,0,249.76,1905,18577
1788185334,0,176.63,1905,18577
1788185335,0,144.43,1740,18577
1788185336,42,139.92,1815,18577
1788185337,0,190.02,1815,18577
1788185338,0,149.88,1815,18577
1788185339,0,130.16,1740,18577
1788185340,0,126.20,1800,18577
1788185341,100,289.01,1800,18577
1788185342,100,349.07,1785,18577
1788185343,100,348.48,1785,18577
1788185344,100,348.54,1785,18577
1788185345,0,250.07,1905,18577
1788185346,0,178.03,1905,18577
1788185347,0,147.23,1740,18577
1788185348,43,139.53,1755,18577
1788185350,0,188.12,1800,18577
1788185351,0,149.00,1800,18577
1788185352,0,130.68,1740,18577
1788185353,0,126.60,1815,18577
1788185354,100,290.20,1800,18577
1788185355,100,349.11,1800,18577
1788185356,100,348.98,1800,18577
1788185357,100,348.86,1800,18577
1788185358,0,253.24,1905,18577
1788185359,0,180.22,1905,18577
1788185360,0,144.88,1740,18577
1788185361,43,139.14,1845,18577
1788185362,0,193.07,1845,18577
1788185363,0,156.55,1845,18577
1788185364,0,130.64,1740,18577
1788185365,1,126.41,1740,18577
1788185366,100,305.83,1770,18577
1788185367,100,349.01,1785,18577
1788185368,100,348.68,1785,18577
1788185369,100,348.75,1785,18577
1788185370,0,326.91,1890,18577
1788185371,0,183.21,1905,18577
1788185372,0,147.28,1740,18577
1788185373,41,141.26,1740,18577
1788185374,0,188.78,1815,18577
1788185375,0,147.41,1815,18577
1788185376,0,132.43,1740,18577
1788185377,1,126.80,1740,18577
1788185378,100,285.00,1800,18577
1788185380,100,348.72,1785,18577
1788185381,100,348.68,1785,18577
1788185382,100,349.06,1770,18577
1788185383,84,347.03,1890,18577
1788185384,0,184.37,1905,18577
1788185385,0,147.31,1740,18577
1788185386,0,137.78,1740,18577
1788185387,41,182.71,1845,18577
1788185388,0,156.61,1845,18577
1788185389,0,134.91,1740,18577
1788185390,3,127.13,1740,18577
1788185391,100,286.03,1800,18577
1788185392,100,349.12,1770,18577
1788185393,100,348.82,1785,18577
1788185394,100,348.46,1785,18577
1788185395,100,348.88,1890,18577
1788185396,0,169.55,1905,18577
1788185397,0,147.63,1740,18577
1788185398,0,137.72,1740,18577
1788185399,40,157.65,1830,18577
1788185400,0,157.63,1830,18577
1788185401,0,136.81,1830,18577
1788185402,0,129.99,1740,18577
1788185403,100,167.35,1800,18577
1788185404,100,348.91,1800,18577
1788185405,100,348.83,1785,18577
1788185406,100,348.64,1785,18577
1788185407,100,348.61,1890,18577
1788185408,0,175.79,1905,18577
1788185410,0,145.89,1740,18577
1788185411,0,137.15,1740,18577
1788185412,39,157.99,1815,18577
1788185413,0,159.16,1815,18577
1788185414,0,150.92,1740,18577
1788185415,0,132.79,1740,18577
1788185416,100,150.73,1800,18577
1788185417,100,346.50,1800,18577
1788185418,100,348.13,1785,18577
1788185419,100,348.89,1785,18577
1788185420,100,348.55,1785,18577
1788185421,0,181.92,1905,18577
1788185422,0,147.87,1740,18577
1788185423,0,138.02,1740,18577
1788185424,39,155.66,1830,18577
1788185425,0,165.79,1830,18577
1788185426,0,147.18,1740,18577
1788185427,0,132.48,1740,18577
1788185428,100,150.21,1800,18577
1788185429,100,348.76,1800,18577
1788185430,100,348.50,1785,18577
1788185431,100,348.51,1785,18577
1788185432,100,348.56,1785,18577
1788185433,0,276.08,1905,18577
1788185434,0,149.84,1905,18577
1788185435,0,139.35,1740,18577
1788185436,40,152.45,1830,18577
1788185437,0,169.76,1830,18577
1788185438,0,152.58,1830,18577
1788185439,0,133.49,1740,18577
1788185441,100,143.42,1800,18577
1788185442,100,347.05,1785,18577
1788185443,100,348.14,1770,18577
1788185444,100,348.45,1785,18577
1788185445,100,348.47,1785,18577
1788185446,0,286.25,1890,18577
1788185447,0,178.18,1905,18577
1788185448,0,146.01,1740,18577
1788185449,50,129.79,1785,18577
1788185450,0,166.75,1785,18577
1788185451,0,142.13,1785,18577
1788185452,0,131.41,1740,18577
1788185453,100,138.93,1800,18577
1788185454,100,344.70,1785,18577
1788185455,100,347.36,1770,18577
1788185456,100,348.38,1785,18577
1788185457,100,348.66,1785,18577
1788185458,0,294.02,1890,18577
1788185459,0,168.40,1905,18577
1788185460,0,142.12,1740,18577
1788185461,0,129.41,1770,18577
1788185462,0,189.94,1830,18577
1788185463,0,148.93,1830,18577
1788185464,0,132.71,1740,18577
1788185465,86,137.59,1815,18577
1788185466,100,343.44,1800,18577
1788185467,100,347.68,1785,18577
1788185468,100,347.82,1770,18577
1788185469,100,348.19,1785,18577
1788185471,0,297.43,1890,18577
1788185472,0,171.29,1905,18577
1788185473,0,148.18,1740,18577
1788185474,0,129.18,1740,18577
1788185475,0,185.59,1785,18577
1788185476,0,144.30,1785,18577
1788185477,0,131.30,1740,18577
1788185478,0,129.42,1740,18577
1788185479,100,227.41,1770,18577
1788185480,100,347.58,1770,18577
1788185481,100,347.67,1785,18577
1788185482,100,348.05,1785,18577
1788185483,0,301.95,1890,18577
1788185484,0,175.82,1905,18577
1788185485,0,146.43,1740,18577
1788185486,0,137.39,1740,18577
1788185487,0,185.38,1785,18577
1788185488,0,147.93,1785,18577
1788185489,0,131.48,1740,18577
1788185490,0,129.36,1740,18577
1788185491,100,221.21,1800,18577
1788185492,100,348.96,1785,18577
1788185493,100,348.91,1770,18577
1788185494,100,348.24,1770,18577
1788185495,0,306.36,1890,18577
1788185496,0,180.87,1905,18577
1788185497,0,148.13,1740,18577
1788185498,0,138.30,1740,18577
1788185499,17,190.35,1815,18577
1788185501,0,148.63,1815,18577
1788185502,0,130.65,1740,18577
1788185503,0,129.02,1740,18577
1788185504,100,214.69,1800,18577
1788185505,100,349.02,1785,18577
1788185506,100,348.87,1785,18577
1788185507,100,348.98,1785,18577
1788185508,100,348.91,1890,18577
1788185509,0,230.40,1905,18577
1788185510,0,148.32,1740,18577
1788185511,0,138.41,1740,18577
1788185512,27,191.59,1815,18577
1788185513,0,150.53,1815,18577
1788185514,0,132.96,1740,18577
1788185515,0,130.36,1740,18577
1788185516,100,212.70,1800,18577
1788185517,100,349.12,1785,18577
1788185518,100,348.86,1785,18577
1788185519,100,348.86,1785,18577
1788185520,100,348.73,1860,18577
1788185521,0,233.30,1905,18577
1788185522,0,179.11,1740,18577
1788185523,0,146.32,1740,18577
1788185524,39,147.51,1860,18577
1788185525,0,196.12,1860,18577
1788185526,0,135.37,1740,18577
1788185527,0,131.43,1740,18577
1788185528,100,209.95,1800,18577
1788185529,100,349.22,1800,18577
1788185530,100,348.80,1785,18577
1788185532,100,348.85,1785,18577
1788185533,100,348.92,1785,18577
1788185534,0,235.23,1890,18577
1788185535,0,180.66,1740,18577
1788185536,0,148.38,1740,18577
1788185537,40,144.83,1815,18577
1788185538,0,183.57,1815,18577
1788185539,0,153.02,1740,18577
1788185540,0,134.16,1740,18577
1788185541,0,128.05,1800,18577
1788185542,100,348.85,1800,18577
1788185543,100,349.10,1785,18577
1788185544,100,348.68,1785,18577
1788185545,100,349.11,1770,18577
1788185546,0,239.78,1890,18577
1788185547,0,185.06,1890,18577
1788185548,0,150.10,1740,18577
1788185549,42,143.75,1785,18577
1788185550,0,183.59,1785,18577
1788185551,0,143.76,1785,18577
1788185552,0,130.13,1740,18577
1788185553,0,128.40,1800,18577
1788185554,100,300.82,1785,18577
1788185555,100,348.18,1785,18577
1788185556,100,348.86,1785,18577
1788185557,100,349.12,1785,18577
1788185558,0,244.66,1890,18577
1788185559,0,172.41,1905,18577
1788185560,0,146.82,1740,18577
1788185562,41,137.55,1770,18577
1788185563,0,197.71,1830,18577
1788185564,0,152.66,1830,18577
1788185565,0,133.98,1740,18577
1788185566,4,127.91,1740,18577
1788185567,100,280.97,1785,18577
1788185568,100,348.27,1785,18577
1788185569,100,348.78,1770,18577
1788185570,100,348.95,1785,18577
1788185571,0,270.22,1890,18577
1788185572,0,179.89,1905,18577
1788185573,0,147.34,1740,18577
1788185574,46,132.73,1740,18577
1788185575,0,202.01,1800,18577
1788185576,0,147.67,1800,18577
1788185577,0,130.97,1740,18577
1788185578,0,128.24,1740,18577
1788185579,100,237.49,1785,18577
1788185580,100,349.04,1770,18577
1788185581,100,348.70,1770,18577
1788185582,100,349.07,1770,18577
1788185583,100,348.80,1890,18577
1788185584,0,194.18,1905,18577
1788185585,0,176.25,1740,18577
1788185586,49,131.01,1740,18577
1788185587,0,207.78,1830,18577
1788185588,0,154.19,1830,18577
1788185589,0,133.31,1740,18577
1788185590,0,128.25,1740,18577
1788185591,100,229.81,1785,18577
1788185593,100,348.96,1785,18577
1788185594,100,348.93,1785,18577
1788185595,100,348.61,1785,18577
1788185596,100,348.94,1890,18577
1788185597,0,200.89,1905,18577
1788185598,0,182.83,1740,18577
1788185599,0,149.38,1740,18577
1788185600,42,151.91,1830,18577
1788185601,0,174.07,1830,18577
1788185602,0,133.45,1740,18577
1788185603,0,130.72,1740,18577
1788185604,100,236.20,1800,18577
1788185605,100,348.79,1785,18577
1788185606,100,348.92,1785,18577
1788185607,100,349.10,1770,18577
1788185608,100,348.93,1890,18577
1788185609,0,205.85,1890,18577
1788185610,0,169.26,1740,18577
1788185611,0,148.45,1740,18577
1788185612,41,151.89,1815,18577
1788185613,0,171.51,1815,18577
1788185614,0,147.76,1740,18577
1788185615,0,133.92,1740,18577
1788185616,79,146.79,1800,18577
1788185617,100,348.79,1800,18577
1788185618,100,348.85,1785,18577
1788185619,100,348.87,1785,18577
1788185620,100,349.29,1785,18577
1788185621,0,192.04,1905,18577
1788185623,0,173.82,1740,18577
1788185624,0,146.83,1740,18577
1788185625,40,154.02,1815,18577
1788185626,0,168.82,1815,18577
1788185627,0,151.94,1740,18577
1788185628,0,134.09,1740,18577
1788185629,0,128.47,1905,483
1788185630,0,152.56,1905,185
1788185631,0,150.89,1905,185
1788185632,0,99.25,330,185
1788185633,0,64.82,210,185
1788185634,0,33.54,210,185
1788185635,0,30.69,210,185
1788185636,0,29.63,210,185
1788185637,0,29.78,210,185
1788185638,0,29.86,210,185
1788185639,0,29.45,210,185
1788185640,0,32.26,210,185
1788185641,0,36.91,210,185
1788185642,0,30.48,210,185
1788185643,0,29.46,210,185
1788185644,0,29.21,210,185
1788185645,0,29.16,210,185
1788185646,0,29.18,210,185
1788185647,0,29.15,210,185
1788185648,0,29.25,210,185
1788185649,0,29.14,210,185
1788185650,0,28.91,210,185
1788185652,0,28.74,210,185
1788185653,0,29.00,210,185
1788185654,0,28.77,210,185
1788185655,0,28.49,210,185
1788185656,0,28.59,210,185
1788185657,0,28.80,210,185
1788185658,0,28.57,210,185
1788185659,0,28.42,210,185
1788185660,0,28.51,210,185
1788185661,0,28.42,210,185
1788185662,0,28.46,210,185
1788185663,0,28.44,210,185
1788185664,0,28.22,210,185
1788185665,0,28.22,210,185
1788185666,0,28.50,210,185
1788185667,0,28.38,210,185
1788185668,0,28.18,210,185
1788185669,0,28.24,210,185
1788185670,0,28.10,210,185
1788185671,0,28.28,210,185
1788185672,0,28.38,210,185
1788185673,0,28.07,210,185
1788185674,0,28.04,210,185
1788185675,0,28.14,210,185
1788185676,0,28.20,210,185
1788185677,0,28.10,210,185
1788185678,0,27.94,210,185
1788185680,0,27.87,210,185
1788185681,0,28.03,210,185
1788185682,0,28.02,210,185
1788185683,0,28.20,210,185
1788185684,0,28.21,210,185
1788185685,0,27.94,210,185
1788185686,0,28.01,210,185
1788185687,0,27.97,210,185
1788185688,0,27.86,210,185
1788185689,0,27.74,210,185
1788185690,0,27.73,210,185
1788185691,0,72.60,1740,515
1788185692,0,115.81,1740,515
1788185693,2,119.63,1740,749
1788185694,92,218.77,1935,797
1788185695,92,259.03,1935,797
1788185696,91,259.90,1935,797
1788185697,92,259.71,1935,797
1788185698,92,260.55,1935,797
1788185699,28,254.27,1935,799
1788185700,0,147.92,1935,799
1788185701,0,143.70,1935,799
1788185702,0,124.86,1740,799
1788185703,0,139.05,1935,799
1788185704,0,147.40,1935,799
1788185705,0,136.91,1740,799
1788185706,92,151.40,1935,799
1788185707,92,260.27,1920,799
1788185708,92,258.04,1920,799
1788185709,92,258.41,1920,799
1788185711,92,259.01,1920,799
1788185712,92,259.11,1920,799
1788185713,0,186.61,1920,799
1788185714,0,165.67,1740,799
1788185715,0,141.85,1740,799
1788185716,36,131.17,1920,799
1788185717,0,148.83,1920,799
1788185718,0,139.60,1740,799
1788185719,0,130.41,1740,799
1788185720,92,197.04,1920,799
1788185721,90,259.13,1920,799
1788185722,92,260.61,1920,799
1788185723,92,262.18,1920,799
1788185724,92,262.59,1920,799
1788185725,0,223.58,1920,799
1788185726,0,159.53,1920,799
1788185727,0,140.91,1740,799
1788185728,47,124.46,1920,799
1788185729,0,152.84,1920,799
1788185730,0,149.39,1740,799
1788185731,0,138.88,1740,799
1788185732,92,146.01,1920,799
1788185733,92,261.58,1920,799
1788185734,92,262.65,1920,799
1788185735,92,263.39,1920,799
1788185736,92,263.43,1920,799
1788185737,0,253.96,1920,799
1788185738,0,157.81,1920,799
1788185739,0,141.77,1740,799
1788185740,0,132.75,1740,799
1788185741,0,146.27,1920,799
1788185742,0,150.51,1920,799
1788185744,0,141.34,1740,799
1788185745,92,127.90,1920,799
1788185746,92,251.67,1920,799
1788185747,92,263.19,1920,799
1788185748,92,263.74,1920,799
1788185749,92,264.35,1920,799
1788185750,92,264.82,1920,799
1788185751,0,231.37,1905,799
1788185752,0,166.51,1905,799
1788185753,0,143.93,1740,799
1788185754,0,124.41,1920,799
1788185755,0,150.76,1920,799
1788185756,0,142.20,1740,799
1788185757,0,132.94,1740,799
1788185758,92,207.44,1920,799
1788185759,92,264.39,1920,799
1788185760,92,265.31,1905,799
1788185761,92,262.77,1905,799
1788185762,89,260.64,1905,799
1788185763,81,260.57,1905,799
1788185764,0,167.94,1905,799
1788185765,0,144.67,1740,799
1788185766,0,134.45,1740,799
1788185767,0,146.12,1920,799
1788185768,0,152.51,1920,799
1788185769,0,140.41,1740,799
1788185770,0,124.83,1920,799
1788185771,89,262.21,1920,799
1788185772,91,263.12,1905,799
1788185773,84,260.45,1905,799
1788185774,92,260.53,1905,799
1788185775,92,264.59,1905,799
1788185777,0,204.72,1905,799
1788185778,0,161.94,1905,799
1788185779,0,144.87,1740,799
1788185780,47,131.23,1905,799
1788185781,0,149.61,1905,799
1788185782,0,148.14,1740,799
1788185783,0,142.35,1740,799
1788185784,92,157.90,1920,799
1788185785,92,264.08,1905,799
1788185786,92,262.46,1905,799
1788185787,86,259.08,1905,799
1788185788,91,259.28,1905,799
1788185789,0,245.69,1905,799
1788185790,0,162.46,1905,799
1788185791,0,143.14,1740,799
1788185792,0,134.04,1740,799
1788185793,0,148.20,1905,799
1788185794,0,151.53,1905,799
1788185795,0,141.05,1740,799
1788185796,93,134.31,1905,799
1788185797,92,257.21,1905,799
1788185798,92,264.39,1905,799
1788185799,92,265.14,1905,799
1788185800,92,265.14,1905,799
1788185801,92,265.38,1905,799
1788185802,0,225.58,1905,799
1788185803,0,161.47,1905,799
1788185804,0,143.60,1740,799
1788185805,0,136.46,1905,799
1788185806,0,151.79,1905,799
1788185807,0,141.06,1740,799
1788185808,0,132.93,1740,799
1788185810,92,217.30,1905,799
1788185811,92,264.39,1905,799
1788185812,92,264.98,1905,799
1788185813,92,265.28,1905,799
1788185814,92,265.71,1905,799
1788185815,10,257.68,1905,799
1788185816,0,161.11,1905,799
1788185817,0,143.54,1740,799
1788185818,0,134.45,1740,799
1788185819,0,148.89,1905,799
1788185820,0,152.05,1740,799
1788185821,0,135.08,1740,799
1788185822,92,177.56,1905,799
1788185823,92,264.42,1905,799
1788185824,92,265.48,1905,799
1788185825,92,265.51,1905,799
1788185826,92,265.36,1905,799
1788185827,92,265.84,1905,799
1788185828,0,183.23,1905,799
1788185829,0,161.95,1740,799
1788185830,0,144.50,1740,799
1788185831,25,136.92,1905,799
1788185832,0,154.23,1905,799
1788185833,0,141.07,1740,799
1788185834,0,133.03,1905,799
1788185835,92,208.61,1905,799
1788185836,92,264.66,1905,799
1788185837,92,265.38,1905,799
1788185838,92,266.12,1905,799
1788185839,92,266.07,1905,799
1788185840,0,220.71,1905,799
1788185841,0,167.16,1905,799
1788185843,0,143.98,1740,799
1788185844,48,129.66,1905,799
1788185845,0,156.93,1905,799
1788185846,0,154.01,1740,799
1788185847,0,141.39,1740,799
1788185848,92,154.11,1905,799
1788185849,92,263.08,1905,799
1788185850,92,265.59,1905,799
1788185851,92,265.81,1905,799
1788185852,92,265.95,1905,799
1788185853,92,266.18,1905,799
1788185854,0,168.02,1905,799
1788185855,0,143.87,1740,799
1788185856,0,134.94,1740,799
1788185857,0,149.46,1905,799
1788185858,0,154.35,1905,799
1788185859,0,141.73,1740,799
1788185860,93,132.13,1905,799
1788185861,92,258.25,1905,799
1788185862,92,265.19,1905,799
1788185863,92,266.00,1905,799
1788185864,92,265.98,1905,799
1788185865,92,266.26,1905,799
1788185866,0,231.00,1905,799
1788185867,0,166.51,1905,799
1788185868,0,144.23,1740,799
1788185869,57,126.97,1905,799
1788185870,0,154.01,1905,799
1788185871,0,141.19,1740,799
1788185872,0,133.11,1740,799
1788185873,91,213.45,1905,799
1788185874,92,264.83,1905,799
1788185876,92,265.64,1905,799
1788185877,92,265.93,1905,799
1788185878,92,265.70,1905,799
1788185879,65,253.69,1905,799
1788185880,0,167.97,1905,799
1788185881,0,141.15,1740,799
1788185882,0,140.04,1740,799
1788185883,0,141.46,1905,799
1788185884,0,155.80,1905,799
1788185885,0,141.70,1740,799
1788185886,86,131.77,1905,799
1788185887,92,265.09,1905,799
1788185888,92,266.11,1905,799
1788185889,92,266.02,1905,799
1788185890,92,266.17,1905,799
1788185891,92,266.27,1905,799
1788185892,0,179.07,1905,799
1788185893,0,168.41,1740,799
1788185894,0,144.54,1740,799
1788185895,0,134.65,1890,799
1788185896,0,147.43,1890,799
1788185897,0,142.48,1740,799
1788185898,0,134.59,1815,799
1788185899,92,205.40,1905,799
1788185900,90,264.79,1905,799
1788185901,92,265.72,1905,799
1788185902,92,266.37,1905,799
1788185903,92,266.33,1905,799
1788185904,0,214.07,1905,799
1788185905,0,160.51,1905,799
1788185906,0,145.96,1740,799
1788185907,46,131.09,1830,799
1788185909,0,144.67,1830,799
1788185910,0,142.16,1740,799
1788185911,0,132.44,1740,799
1788185912,92,158.90,1905,799
1788185913,92,265.55,1905,799
1788185914,92,265.74,1905,799
1788185915,92,266.06,1905,799
1788185916,92,266.53,1905,799
1788185917,92,266.76,1905,799
1788185918,0,191.87,1905,799
1788185919,0,170.26,1740,799
1788185920,0,135.35,1740,799
1788185921,0,143.30,1860,799
1788185922,0,144.99,1860,799
1788185923,0,138.44,1740,799
1788185924,93,136.29,1905,799
1788185925,89,255.49,1905,799
1788185926,91,264.07,1905,799
1788185927,92,265.30,1905,799
1788185928,89,264.82,1905,799
1788185929,90,264.36,1905,799
1788185930,0,232.13,1905,799
1788185931,0,168.76,1905,799
1788185932,0,146.61,1740,799
1788185933,0,126.85,1905,799
1788185934,0,147.17,1905,799
1788185935,0,151.95,1740,799
1788185936,0,134.90,1740,799
1788185937,92,209.30,1905,799
1788185938,92,265.30,1905,799
1788185939,92,266.13,1905,799
1788185940,92,265.95,1905,799
1788185942,91,266.03,1905,799
1788185943,92,264.99,1905,799
1788185944,0,161.46,1905,799
1788185945,0,144.25,1740,799
1788185946,0,135.07,1740,799
1788185947,0,138.10,1905,799
1788185948,0,153.55,1905,799
1788185949,0,143.53,1740,799
1788185950,0,126.38,1905,799
1788185951,92,215.32,1905,799
1788185952,92,265.71,1905,799
1788185953,92,265.71,1905,799
1788185954,92,266.23,1905,799
1788185955,92,266.60,1905,799
1788185956,0,194.81,1905,799
1788185957,0,162.89,1905,799
1788185958,0,144.37,1740,799
1788185959,42,135.44,1905,799
1788185960,0,153.65,1905,799
1788185961,0,142.18,1740,799
1788185962,0,134.21,1740,799
1788185963,92,166.24,1905,799
1788185964,92,264.83,1905,799
1788185965,92,265.35,1905,799
1788185966,90,265.72,1905,799
1788185967,90,264.44,1905,799
1788185968,92,234.96,1905,799
1788185969,0,160.45,1905,799
1788185970,0,146.33,1740,799
1788185971,0,136.69,1740,799
1788185972,0,146.70,1905,799
1788185974,0,149.31,1905,799
1788185975,0,143.80,1740,799
1788185976,94,140.15,1905,799
1788185977,92,259.44,1905,799
1788185978,92,266.17,1905,799
1788185979,92,266.51,1905,799
1788185980,92,266.49,1905,799
1788185981,92,266.97,1905,799
1788185982,0,216.93,1905,799
1788185983,0,162.70,1905,799
1788185984,0,146.43,1740,799
1788185985,45,130.55,1905,799
1788185986,0,150.99,1905,799
1788185987,0,146.18,1740,799
1788185988,0,126.63,1740,799
1788185989,92,211.18,1905,799
1788185990,92,265.93,1905,799
1788185991,92,266.73,1905,799
1788185992,92,266.55,1905,799
1788185993,92,266.85,1905,799
1788185994,0,248.54,1905,799
1788185995,0,162.82,1905,799
1788185996,0,146.88,1740,799
1788185997,0,136.91,1740,799
1788185998,0,146.83,1905,799
1788185999,0,149.52,1905,799
1788186000,0,137.99,1740,799
1788186001,93,139.46,1905,799
1788186002,92,264.95,1905,799
1788186003,92,266.11,1905,799
1788186004,92,266.40,1905,799
1788186005,92,266.95,1905,799
1788186007,92,267.05,1905,799
1788186008,0,175.29,1905,799
1788186009,0,164.47,1740,799
1788186010,0,146.41,1740,799
1788186011,0,136.70,1905,799
1788186012,0,152.26,1905,799
1788186013,0,143.87,1740,799
1788186014,0,135.08,1740,799
1788186015,91,208.89,1905,799
1788186016,92,265.11,1905,799
1788186017,92,266.27,1905,799
1788186018,92,266.38,1905,799
1788186019,92,266.84,1905,799
1788186020,0,213.24,1905,799
1788186021,0,170.50,1905,799
1788186022,0,146.32,1740,799
1788186023,47,130.02,1905,799
1788186024,0,155.14,1905,799
1788186025,0,152.21,1740,799
1788186026,0,142.35,1740,799
1788186027,92,156.16,1905,799
1788186028,92,265.48,1905,799
1788186029,92,265.94,1905,799
1788186030,92,266.81,1905,799
1788186031,92,267.05,1905,799
1788186032,92,267.06,1905,799
1788186033,0,195.54,1905,799
1788186034,0,163.20,1740,799
1788186035,0,135.82,1740,799
1788186036,0,149.55,1905,799
1788186037,0,152.93,1905,799
1788186038,0,142.03,1740,799
1788186040,94,135.03,1905,799
1788186041,92,259.49,1905,799
1788186042,92,265.90,1905,799
1788186043,92,266.20,1905,799
1788186044,92,266.57,1905,799
1788186045,92,266.89,1905,799
1788186046,0,229.18,1905,799
1788186047,0,164.23,1905,799
1788186048,0,144.45,1740,799
1788186049,51,127.49,1905,799
1788186050,0,157.46,1905,799
1788186051,0,153.74,1740,799
1788186052,0,134.00,1740,799
1788186053,92,215.93,1905,799
1788186054,92,265.02,1905,799
1788186055,92,265.14,1905,799
1788186056,92,266.61,1905,799
1788186057,92,266.97,1905,799
1788186058,58,264.02,1905,799
1788186059,0,167.65,1905,799
1788186060,0,143.10,1740,799
1788186061,0,136.91,1740,799
1788186062,45,132.81,1905,799
1788186063,0,152.66,1905,799
1788186064,0,151.19,1740,799
1788186065,0,143.89,1740,799
1788186066,91,157.64,1905,799
1788186067,92,265.25,1905,799
1788186068,91,265.18,1905,799
1788186069,92,265.62,1905,799
1788186070,92,266.18,1905,799
1788186071,0,246.73,1905,799
1788186073,0,163.57,1905,799
1788186074,0,144.59,1740,799
1788186075,0,135.70,1740,799
1788186076,0,149.92,1905,799
1788186077,0,153.18,1905,799
1788186078,0,142.07,1740,799
1788186079,0,126.99,1740,185
1788186080,0,128.67,1740,185
1788186081,0,127.66,1740,185
1788186082,0,83.55,255,185
1788186083,0,35.25,210,185
1788186084,0,30.14,210,185
1788186085,0,29.30,210,185
1788186086,0,29.26,210,185
1788186087,0,29.15,210,185
1788186088,0,29.01,210,185
1788186089,0,28.99,210,185
1788186090,0,29.10,210,185
1788186091,0,29.05,210,185
1788186092,0,28.93,210,185
1788186093,0,28.78,210,185
1788186094,0,28.85,210,185
1788186095,0,29.12,210,185
1788186096,0,28.89,210,185
1788186097,0,28.84,210,185
1788186098,0,28.98,210,185
1788186099,0,28.91,210,185
1788186100,0,28.86,210,185
1788186101,0,28.68,210,185
1788186103,0,28.67,210,185
1788186104,0,28.73,210,185
1788186105,0,28.62,210,185
1788186106,0,28.48,210,185
1788186107,0,28.48,210,185
1788186108,0,28.29,210,185
1788186109,0,28.38,210,185
1788186110,0,28.54,210,185
1788186111,0,28.27,210,185
1788186112,0,28.16,210,185
1788186113,0,28.21,210,185
1788186114,0,28.25,210,185
1788186115,0,28.26,210,185
1788186116,0,28.18,210,185
1788186117,0,27.98,210,185
1788186118,0,27.95,210,185
1788186119,0,28.34,210,185
1788186120,0,31.17,210,185
1788186121,0,32.28,210,185
1788186122,0,29.08,210,185
1788186123,0,28.19,210,185
1788186124,0,28.15,210,185
1788186125,0,28.16,210,185
1788186126,0,28.03,210,185
1788186127,0,27.81,210,185
1788186128,0,27.75,210,185
1788186129,0,28.08,210,185
1788186130,0,27.69,210,185
1788186132,0,27.75,210,185
1788186133,0,27.66,210,185
1788186134,0,28.20,210,185
1788186135,0,28.19,210,185
1788186136,0,27.66,210,185
1788186137,0,27.69,210,185
1788186138,0,27.60,210,185
1788186139,0,27.84,210,185
1788186140,0,27.74,210,185
1788186141,0,27.51,210,185
1788186142,0,27.63,210,185
1788186143,7,71.88,1740,751
1788186144,6,121.27,1740,1553
1788186145,2,120.65,1740,1957
1788186146,0,119.78,1740,1959
1788186147,11,120.89,1740,2369
1788186148,34,133.26,1740,2935
1788186149,38,146.89,1785,3011
1788186150,42,161.50,1905,2661
1788186151,43,182.42,1935,3031
1788186152,42,189.74,1935,2769
1788186153,42,188.03,1935,3061
1788186154,44,191.05,1935,2891
1788186155,34,188.97,1935,3179
1788186156,39,189.22,1935,3049
1788186157,44,191.72,1935,3379
1788186158,38,189.91,1935,3171
1788186159,45,191.32,1935,3519
1788186160,31,189.08,1935,3311
1788186162,44,189.58,1935,3599
1788186163,34,192.19,1935,3453
1788186164,43,190.79,1935,3767
1788186165,35,191.59,1935,3503
1788186166,39,190.46,1935,3819
1788186167,37,190.75,1935,3647
1788186168,46,191.76,1935,3537
1788186169,44,191.29,1935,3927
1788186170,40,193.48,1935,3857
1788186171,43,191.79,1935,4247
1788186172,43,193.72,1935,4019
1788186173,39,191.13,1920,3797
1788186174,46,190.48,1920,4155
1788186175,46,191.08,1920,4033
1788186176,40,193.82,1920,4487
1788186177,41,191.57,1920,4371
1788186178,44,194.18,1920,4219
1788186179,47,192.14,1920,4531
1788186180,39,194.00,1920,4319
1788186181,40,191.10,1920,4639
1788186182,34,192.57,1920,4535
1788186183,40,191.95,1920,4641
1788186184,27,191.89,1920,4839
1788186185,44,192.08,1920,4737
1788186186,38,192.57,1920,5019
1788186187,29,189.91,1920,7227
1788186188,35,201.27,1920,5469
1788186189,36,207.39,1920,6653
1788186190,36,206.53,1920,7631
1788186191,0,178.17,1920,5959
1788186192,0,152.97,1920,5959
1788186193,0,141.41,1740,5959
1788186195,41,125.58,1755,6263
1788186196,38,178.41,1920,5339
1788186197,46,192.52,1920,5635
1788186198,33,194.39,1920,5431
1788186199,39,192.85,1920,5343
1788186200,40,192.99,1920,5675
1788186201,44,193.64,1920,5571
1788186202,40,193.18,1920,5871
1788186203,44,195.96,1920,5845
1788186204,44,194.45,1920,5653
1788186205,41,196.01,1920,5931
1788186206,46,194.19,1920,5911
1788186207,39,196.28,1920,6251
1788186208,38,193.69,1920,6117
1788186209,33,193.85,1920,6041
1788186210,40,193.20,1920,6363
1788186211,31,193.82,1920,6179
1788186212,47,194.26,1920,6471
1788186213,45,194.56,1920,6437
1788186214,39,196.37,1920,6353
1788186215,38,193.96,1920,6695
1788186216,33,193.87,1920,6619
1788186217,47,194.74,1920,6543
1788186218,45,195.02,1920,6887
1788186219,39,196.63,1920,6811
1788186220,41,194.68,1920,6719
1788186221,38,195.54,1920,6863
1788186222,38,194.79,1920,6989
1788186223,39,196.12,1920,7179
1788186224,45,195.91,1920,7215
1788186225,29,193.89,1920,6917
1788186226,39,193.43,1920,7079
1788186228,47,197.09,1920,7251
1788186229,39,196.88,1920,7531
1788186230,39,195.46,1920,7105
1788186231,34,194.08,1920,7211
1788186232,41,193.81,1920,7447
1788186233,41,197.09,1920,7719
1788186234,37,200.08,1920,9209
1788186235,37,208.38,1905,8003
1788186236,37,207.83,1905,7643
1788186237,37,207.82,1905,8215
1788186238,0,199.04,1905,9171
1788186239,0,157.36,1905,9171
1788186240,0,131.77,1740,9171
1788186241,46,134.00,1905,9547
1788186242,38,189.44,1905,7223
1788186243,30,191.74,1905,7319
1788186244,45,193.62,1905,7547
1788186245,39,196.29,1905,7807
1788186246,45,195.67,1905,7423
1788186247,39,196.18,1905,7601
1788186248,40,193.57,1905,7775
1788186249,47,196.41,1905,8035
1788186250,41,196.42,1905,7705
1788186251,38,195.69,1905,7847
1788186252,41,194.40,1905,8023
1788186253,39,194.74,1905,8271
1788186254,39,195.51,1905,7943
1788186255,43,195.71,1905,8149
1788186256,47,196.74,1905,8295
1788186257,44,197.06,1905,8227
1788186258,41,193.82,1905,8135
1788186259,46,196.48,1905,8363
1788186261,40,197.00,1905,8591
1788186262,39,196.17,1905,8139
1788186263,30,194.19,1905,8367
1788186264,45,194.02,1905,8583
1788186265,40,196.82,1905,8823
1788186266,38,196.01,1905,8417
1788186267,33,195.15,1905,8627
1788186268,39,194.60,1905,8833
1788186269,38,195.93,1905,8543
1788186270,44,196.26,1905,8757
1788186271,39,194.79,1905,9005
1788186272,39,195.89,1905,8663
1788186273,38,193.97,1905,8849
1788186274,45,196.44,1905,9125
1788186275,41,197.69,1905,8801
1788186276,47,194.63,1905,9023
1788186277,40,198.20,1905,9233
1788186278,41,196.81,1905,8941
1788186279,32,195.06,1905,9135
1788186280,38,196.86,1905,11407
1788186281,38,209.97,1905,11973
1788186282,36,209.74,1905,12417
1788186283,37,207.35,1905,12421
1788186284,26,206.38,1905,10305
1788186285,0,159.13,1905,10305
1788186286,0,142.00,1740,10305
1788186287,0,133.96,1740,10539
1788186288,44,157.37,1905,9485
1788186289,41,197.12,1905,9367
1788186290,39,193.32,1905,9393
1788186291,40,195.82,1905,9517
1788186292,46,196.96,1905,9783
1788186294,39,197.13,1905,9439
1788186295,40,193.85,1905,9639
1788186296,46,196.72,1905,9899
1788186297,40,197.85,1905,9563
1788186298,25,194.11,1905,9779
1788186299,44,193.51,1905,9971
1788186300,47,197.22,1905,9675
1788186301,39,197.61,1905,9895
1788186302,44,194.42,1905,10103
1788186303,41,197.39,1905,9813
1788186304,42,197.44,1905,9975
1788186305,24,195.10,1905,10215
1788186306,38,196.07,1905,10193
1788186307,38,192.19,1905,10045
1788186308,38,195.46,1905,10259
1788186309,43,196.53,1905,10477
1788186310,29,195.53,1905,10175
1788186311,38,195.22,1905,10343
1788186312,47,197.15,1905,10611
1788186313,42,197.88,1905,10287
1788186314,38,193.97,1905,10503
1788186315,46,196.23,1905,10711
1788186316,44,198.31,1905,10367
1788186317,33,196.88,1905,10583
1788186318,45,194.86,1905,10823
1788186319,45,196.76,1905,10483
1788186320,41,197.31,1905,10703
1788186321,28,194.12,1905,10911
1788186322,26,195.65,1905,10577
1788186323,47,194.71,1905,10793
1788186324,42,197.81,1905,11035
1788186325,39,197.28,1905,10717
1788186327,21,193.10,1905,11669
1788186328,38,205.46,1905,12673
1788186329,38,209.44,1905,12881
1788186330,38,209.29,1905,13249
1788186331,37,209.59,1905,12857
1788186332,0,170.62,1905,12857
1788186333,0,158.01,1740,12857
1788186334,0,138.54,1740,12857
1788186335,43,134.84,1905,10959
1788186336,40,192.09,1905,11137
1788186337,39,196.38,1905,10815
1788186338,39,196.11,1905,11029
1788186339,38,196.37,1905,11209
1788186340,40,195.90,1905,10937
1788186341,44,195.01,1905,11145
1788186342,42,197.01,1905,11317
1788186343,38,196.90,1905,10993
1788186344,39,193.04,1905,11215
1788186345,44,196.61,1905,11409
1788186346,42,198.53,1905,11049
1788186347,40,194.12,1905,11273
1788186348,45,196.82,1905,11197
1788186349,44,198.25,1905,11127
1788186350,43,195.35,1905,11357
1788186351,47,198.29,1905,11031
1788186352,39,198.20,1905,11233
1788186353,47,194.47,1905,11459
1788186354,44,197.91,1905,11103
1788186355,44,198.11,1905,11327
1788186356,39,197.62,1905,11021
1788186357,46,194.29,1905,11215
1788186359,43,197.82,1905,11397
1788186360,38,197.60,1905,11073
1788186361,46,195.10,1905,11281
1788186362,44,197.38,1905,11497
1788186363,39,197.42,1905,11151
1788186364,47,194.88,1905,11329
1788186365,42,198.07,1905,11019
1788186366,39,197.82,1905,11237
1788186367,41,195.64,1905,11479
1788186368,40,197.73,1905,11131
1788186369,45,197.46,1905,11301
1788186370,39,195.36,1905,11471
1788186371,40,197.35,1905,11179
1788186372,43,197.23,1905,11427
1788186373,44,198.66,1905,11089
1788186374,49,200.48,1905,12223
1788186375,38,208.05,1905,12911
1788186376,38,210.36,1905,13359
1788186377,36,209.85,1905,13779
1788186378,0,187.55,1905,14935
1788186379,0,156.32,1905,14935
1788186380,0,131.23,1740,14935
1788186381,56,128.40,1905,11335
1788186382,38,181.34,1905,11571
1788186383,47,197.21,1905,11373
1788186384,39,198.38,1905,11649
1788186385,45,194.53,1905,11931
1788186386,45,196.62,1905,11689
1788186387,46,197.19,1905,11885
1788186388,45,197.06,1905,12099
1788186389,38,195.48,1905,11869
1788186390,40,196.59,1905,12147
1788186391,32,195.67,1905,11885
1788186393,39,195.02,1905,12149
1788186394,39,196.99,1905,11959
1788186395,40,195.44,1905,12233
1788186396,39,197.17,1905,12259
1788186397,43,195.34,1905,12267
1788186398,39,195.10,1905,12561
1788186399,42,198.02,1905,12351
1788186400,35,195.02,1905,12629
1788186401,38,196.96,1905,12407
1788186402,39,195.85,1905,12627
1788186403,42,195.30,1905,12835
1788186404,40,196.35,1905,12675
1788186405,38,197.11,1905,12945
1788186406,45,195.13,1905,12671
1788186407,41,197.92,1905,12941
1788186408,34,196.92,1905,12755
1788186409,45,195.01,1905,13031
1788186410,44,197.87,1905,13265
1788186411,26,194.82,1905,13063
1788186412,46,195.65,1905,13357
1788186413,40,198.38,1905,13105
1788186414,46,195.71,1905,13395
1788186415,40,198.54,1905,13197
1788186416,43,195.60,1905,13481
1788186417,41,197.81,1905,13341
1788186418,36,195.69,1905,13553
1788186419,45,195.94,1905,13421
1788186420,37,201.55,1905,15231
1788186421,36,211.40,1905,16747
1788186422,48,207.99,1905,14097
1788186423,56,203.71,1905,14235
1788186425,45,204.06,1905,13739
1788186426,0,152.75,1905,13739
1788186427,0,146.57,1740,13739
1788186428,0,136.62,1740,13739
1788186429,39,160.11,1905,13659
1788186430,37,194.65,1905,13905
1788186431,40,196.12,1905,13717
1788186432,38,195.51,1905,14047
1788186433,41,196.61,1905,13839
1788186434,39,195.68,1905,14119
1788186435,43,197.27,1905,13997
1788186436,32,195.51,1905,14209
1788186437,39,195.50,1905,14071
1788186438,39,196.69,1905,14359
1788186439,39,195.82,1905,14163
1788186440,39,196.17,1905,14491
1788186441,31,196.36,1905,14293
1788186442,39,195.78,1905,14511
1788186443,40,196.95,1905,14415
1788186444,40,196.08,1905,14659
1788186445,39,196.68,1905,14507
1788186446,45,194.89,1905,14805
1788186447,43,185.23,1905,2953
1788186448,46,197.16,1905,2821
1788186449,30,196.37,1905,3025
1788186450,41,194.16,1905,3189
1788186451,46,198.33,1905,3417
1788186452,39,198.40,1905,2953
1788186453,38,198.63,1905,3121
1788186454,46,197.82,1905,3343
1788186455,44,198.00,1905,3577
1788186457,34,197.31,1905,3087
1788186458,47,195.54,1905,3277
1788186459,39,198.96,1905,3559
1788186460,43,197.48,1905,3459
1788186461,38,198.05,1905,3345
1788186462,41,194.99,1905,3543
1788186463,45,198.76,1905,3817
1788186464,38,198.56,1905,3491
1788186465,43,197.66,1905,3707
1788186466,40,195.60,1905,3873
1788186467,47,197.70,1905,4021
1788186468,37,201.63,1905,4209
1788186469,37,211.93,1905,4007
1788186470,54,207.64,1905,4177
1788186471,57,208.09,1905,4047
1788186472,0,170.63,1905,5085
1788186473,0,156.98,1905,5085
1788186474,0,141.06,1740,5085
1788186475,46,134.10,1905,5201
1788186476,42,190.45,1905,3627
1788186477,41,195.09,1905,3775
1788186478,40,196.21,1905,3973
1788186479,47,198.06,1905,4233
1788186480,40,198.11,1905,3851
1788186481,34,196.16,1905,4021
1788186482,38,195.66,1905,4237
1788186483,46,198.02,1905,3957
1788186484,42,198.31,1905,4117
1788186485,33,196.71,1905,4265
1788186486,44,197.34,1905,4525
1788186487,38,195.45,1905,4189
1788186488,47,197.35,1905,4417
1788186489,39,198.81,1905,4641
1788186491,48,198.37,1905,4221
1788186492,40,195.96,1905,4445
1788186493,45,197.99,1905,4677
1788186494,38,198.47,1905,4881
1788186495,44,197.90,1905,4591
1788186496,40,195.04,1905,4817
1788186497,43,197.49,1905,5081
1788186498,44,198.60,1905,4739
1788186499,29,195.71,1905,4967
1788186500,45,195.61,1905,5225
1788186501,39,197.94,1905,4911
1788186502,42,197.57,1905,5123
1788186503,40,199.01,1905,5325
1788186504,37,193.16,1905,5003
1788186505,40,196.10,1905,5223
1788186506,47,198.06,1905,5425
1788186507,33,198.02,1905,5113
1788186508,45,196.11,1905,5331
1788186509,39,197.87,1905,5569
1788186510,44,197.40,1905,5279
1788186511,39,195.73,1905,5489
1788186512,41,196.55,1905,5687
1788186513,47,198.17,1905,5731
1788186514,37,206.01,1905,6139
1788186515,38,211.62,1905,6655
1788186516,37,211.79,1905,6735
1788186517,41,208.87,1905,7191
1788186518,0,180.16,1905,7203
1788186519,0,154.99,1740,7203
1788186520,0,133.32,1740,7203
1788186521,45,140.53,1905,5431
1788186522,38,195.98,1905,5575
1788186524,39,196.00,1905,5687
1788186525,46,196.95,1905,5731
1788186526,32,195.23,1905,5621
1788186527,38,195.23,1905,5837
1788186528,43,197.23,1905,6071
1788186529,45,196.64,1905,5731
1788186530,39,195.22,1905,5957
1788186531,47,197.32,1905,6215
1788186532,44,198.16,1905,5901
1788186533,33,197.41,1905,6065
1788186534,41,195.72,1905,6315
1788186535,44,198.22,1905,6013
1788186536,43,198.80,1905,6211
1788186537,40,198.50,1905,6353
1788186538,39,195.49,1905,6161
1788186539,38,196.18,1905,6377
1788186540,45,197.44,1905,6623
1788186541,30,195.40,1905,6287
1788186542,44,195.64,1905,6485
1788186543,45,198.22,1905,6567
1788186544,39,197.80,1905,6413
1788186545,45,195.53,1905,6635
1788186546,39,197.64,1905,6863
1788186547,41,197.28,1905,6555
1788186548,40,195.73,1905,6733
1788186549,39,195.95,1905,6905
1788186550,46,197.46,1905,6657
1788186551,36,197.77,1905,6877
1788186552,44,198.49,1905,7091
1788186553,47,195.22,1905,6793
1788186554,39,198.26,1905,6977
1788186555,38,196.88,1905,7197
1788186557,34,195.77,1905,6909
1788186558,38,195.91,1905,7117
1788186559,43,196.89,1905,7323
1788186560,38,196.05,1905,6913
1788186561,54,202.38,1905,8443
1788186562,46,207.43,1905,9251
1788186563,39,211.36,1905,9827
1788186564,37,211.77,1905,10271
1788186565,0,180.41,1905,10271
1788186566,0,155.10,1740,10271
1788186567,0,133.00,1740,10271
1788186568,59,130.82,1905,7343
1788186569,38,190.26,1905,7273
1788186570,40,194.83,1905,7323
1788186571,45,197.80,1905,7611
1788186572,32,198.02,1905,7407
1788186573,47,195.64,1905,7651
1788186574,38,198.54,1905,7895
1788186575,34,195.87,1905,7551
1788186576,40,195.84,1905,7767
1788186577,47,198.04,1905,7443
1788186578,27,195.47,1905,7643
1788186579,44,194.69,1905,7835
1788186580,45,198.12,1905,7505
1788186581,29,194.77,1905,7721
1788186582,46,195.76,1905,7559
1788186583,44,198.02,1905,7559
1788186584,30,195.24,1905,7763
1788186585,45,196.12,1905,7449
1788186586,38,196.64,1905,7663
1788186587,43,197.28,1905,7885
1788186588,40,195.58,1905,7555
1788186590,46,197.17,1905,7765
1788186591,41,198.45,1905,7455
1788186592,47,195.77,1905,7663
1788186593,42,198.35,1905,7835
1788186594,38,197.33,1905,7501
1788186595,47,195.21,1905,7703
1788186596,40,198.29,1905,7463
1788186597,38,197.59,1905,7587
1788186598,47,194.81,1905,7763
1788186599,42,197.93,1905,7443
1788186600,39,197.73,1905,7655
1788186601,43,195.60,1905,7879
1788186602,38,198.15,1905,7565
1788186603,42,197.11,1905,7731
1788186604,42,197.08,1905,7395
1788186605,38,195.22,1905,7607
1788186606,44,197.45,1905,7705
1788186607,37,206.18,1905,9353
1788186608,38,210.75,1905,7953
1788186609,39,209.48,1905,8433
1788186610,48,207.84,1905,8861
1788186611,0,176.49,1905,9353
1788186612,0,158.18,1905,9353
1788186613,0,138.67,1740,9353
1788186614,41,130.85,1905,7557
1788186615,47,183.49,1905,7749
1788186616,44,193.18,1905,7989
1788186617,39,197.17,1905,7805
1788186618,36,196.48,1905,8057
1788186619,33,195.33,1905,7875
1788186620,40,195.43,1905,8141
1788186621,45,198.22,1905,7967
1788186623,43,195.20,1905,8233
1788186624,45,198.01,1905,8501
1788186625,27,194.83,1905,8301
1788186626,42,195.71,1905,8573
1788186627,38,197.52,1905,8381
1788186628,42,195.35,1905,8601
1788186629,39,197.23,1905,8413
1788186630,33,195.37,1905,8681
1788186631,40,195.63,1905,8497
1788186632,47,198.19,1905,8771
1788186633,38,194.66,1905,9065
1788186634,44,196.91,1905,8847
1788186635,30,196.21,1905,9117
1788186636,30,195.28,1905,8883
1788186637,46,195.84,1905,9129
1788186638,40,197.98,1905,8921
1788186639,46,194.93,1905,9201
1788186640,40,198.24,1905,9403
1788186641,27,195.20,1905,9281
1788186642,43,195.54,1905,9541
1788186643,35,197.21,1905,9373
1788186644,43,195.42,1905,9657
1788186645,38,197.71,1905,9455
1788186646,42,195.99,1905,9749
1788186647,39,197.40,1905,9585
1788186648,42,195.25,1905,9879
1788186649,39,197.25,1905,9733
1788186650,40,195.51,1905,9967
1788186651,39,196.60,1905,9805
1788186652,47,198.03,1905,10153
1788186653,51,200.86,1905,10757
1788186654,37,208.75,1905,11807
1788186656,37,211.37,1905,12859
1788186657,36,210.12,1905,13541
1788186658,0,185.02,1905,10799
1788186659,0,154.70,1905,10799
1788186660,0,144.21,1740,10799
1788186661,10,127.27,1800,11149
1788186662,44,177.82,1905,10175
1788186663,34,197.87,1905,10435
1788186664,44,195.98,1905,10279
1788186665,39,198.23,1905,10567
1788186666,44,195.17,1905,10379
1788186667,40,197.83,1905,10705
1788186668,39,195.32,1905,10511
1788186669,40,195.96,1905,10719
1788186670,39,195.56,1905,10573
1788186671,43,195.06,1905,10843
1788186672,39,196.07,1905,10697
1788186673,41,195.71,1905,10993
1788186674,42,197.68,1905,10787
1788186675,40,196.80,1905,11081
1788186676,43,196.09,1905,11009
1788186677,44,195.47,1905,11103
1788186678,34,196.59,1905,11249
1788186679,46,195.80,1905,11077
1788186680,29,196.22,1905,11361
1788186681,42,197.30,1905,11349
1788186682,31,195.66,1905,11621
1788186683,39,196.63,1905,11589
1788186684,39,195.51,1905,11669
1788186685,38,195.73,1905,11681
1788186686,33,195.53,1905,11587
1788186687,39,195.22,1905,11909
1788186689,38,195.52,1905,11825
1788186690,39,195.99,1905,12125
1788186691,36,194.86,1905,11919
1788186692,41,195.87,1905,12103
1788186693,44,195.28,1905,12171
1788186694,43,197.98,1905,12077
1788186695,41,195.28,1905,12281
1788186696,46,197.38,1905,12103
1788186697,40,195.71,1905,12437
1788186698,46,197.38,1905,12355
1788186699,38,195.31,1905,12511
1788186700,19,195.58,1905,13529
1788186701,53,203.97,1905,14905
1788186702,39,209.76,1905,14499
1788186703,54,204.46,1905,13021
1788186704,0,199.18,1905,12641
1788186705,0,154.26,1905,12641
1788186706,0,144.54,1740,12641
1788186707,0,135.52,1740,12637
1788186708,44,158.78,1905,12795
1788186709,38,197.35,1905,12691
1788186710,40,195.83,1905,13017
1788186711,38,196.99,1905,12895
1788186712,39,195.41,1905,13123
1788186713,36,196.63,1905,13025
1788186714,38,195.71,1905,12961
1788186715,33,195.86,1905,13283
1788186716,38,195.37,1905,13151
1788186717,40,197.30,1905,13437
1788186718,44,194.47,1905,13311
1788186719,42,198.36,1905,13433
1788186721,42,195.30,1905,13451
1788186722,41,197.40,1905,13377
1788186723,39,195.45,1905,13633
1788186724,33,196.18,1905,13535
1788186725,39,195.94,1905,13821
1788186726,38,196.00,1905,13783
1788186727,38,196.18,1905,13723
1788186728,39,195.78,1905,14057
1788186729,38,196.48,1905,13909
1788186730,40,196.11,1905,13825
1788186731,33,196.58,1905,14141
1788186732,41,195.56,1905,14081
1788186733,39,197.93,1905,14347
1788186734,46,195.81,1905,14277
1788186735,28,195.14,1905,14203
1788186736,46,195.65,1905,14523
1788186737,40,195.62,1905,14455
1788186738,47,197.06,1905,14395
1788186739,43,196.41,1905,14703
1788186740,37,197.89,1905,14683
1788186741,47,195.75,1905,14875
1788186742,32,195.82,1905,14875
1788186743,45,195.06,1905,14779
1788186744,38,195.93,1905,15089
1788186745,47,197.81,1905,14991
1788186746,39,195.52,1905,15235
1788186747,36,201.51,1905,16247
1788186748,56,210.33,1905,17477
1788186749,40,208.20,1905,16161
1788186750,37,204.07,1905,15981
1788186752,0,175.79,1905,17093
1788186753,0,157.49,1905,17093
1788186754,0,136.88,1740,17093
1788186755,48,131.06,1905,15005
1788186756,41,186.63,1905,15257
1788186757,31,194.98,1905,15199
1788186758,40,195.41,1905,15127
1788186759,42,195.31,1905,15401
1788186760,38,197.32,1905,15303
1788186761,43,195.35,1905,15219
1788186762,26,194.77,1905,15545
1788186763,46,195.36,1905,15457
1788186764,39,195.40,1905,15373
1788186765,40,194.80,1905,15689
1788186766,38,195.34,1905,15599
1788186767,34,196.06,1905,15501
1788186768,38,195.68,1905,15833
1788186769,38,195.50,1905,15737
1788186770,38,196.32,1905,15655
1788186771,38,195.98,1905,15977
1788186772,34,196.12,1905,15913
1788186773,38,195.88,1905,15817
1788186774,42,195.65,1905,16149
1788186775,38,196.96,1905,16089
1788186776,44,195.22,1905,15995
1788186777,27,195.03,1905,16321
1788186778,46,195.43,1905,16261
1788186779,38,195.73,1905,16189
1788186780,42,196.55,1905,16515
1788186781,42,195.38,1905,16417
1788186782,35,197.15,1905,16333
1788186784,42,195.70,1905,16601
1788186785,46,195.74,1905,16543
1788186786,37,197.34,1905,16443
1788186787,43,194.96,1905,16501
1788186788,38,195.26,1905,16649
1788186789,31,195.76,1905,16579
1788186790,43,194.90,1905,16513
1788186791,43,195.21,1905,16789
1788186792,33,195.22,1905,16787
1788186793,38,195.22,1905,16777
1788186794,39,196.14,1905,17041
1788186795,37,203.40,1905,18501
1788186796,38,206.67,1905,17979
1788186797,36,205.25,1905,18333
1788186798,37,210.25,1905,19549
1788186799,0,163.96,1905,19729
1788186800,0,157.78,1905,19729
1788186801,0,134.78,1740,19729
1788186802,37,137.36,1905,17221
1788186803,44,195.42,1905,17169
1788186804,38,197.27,1905,17201
1788186805,44,195.35,1905,17141
1788186806,43,195.57,1905,17473
1788186807,42,197.49,1905,17361
1788186808,39,195.66,1905,17261
1788186809,40,195.57,1905,17155
1788186810,33,196.44,1905,17493
1788186811,43,195.16,1905,17429
1788186812,44,196.14,1905,17469
1788186813,41,197.93,1905,17639
1788186814,44,196.05,1905,17869
1788186816,45,195.76,1905,17797
1788186817,37,196.97,1905,17719
1788186818,43,195.43,1905,17835
1788186819,39,195.34,1905,17901
1788186820,27,193.87,1905,17909
1788186821,42,194.87,1905,17877
1788186822,38,194.11,1905,17917
1788186823,42,195.32,1905,17911
1788186824,37,196.03,1905,18285
1788186825,36,195.73,1905,18261
1788186826,40,195.35,1905,18273
1788186827,45,195.53,1905,18333
1788186828,45,196.14,1905,18307
1788186829,35,196.77,1905,18291
1788186830,45,194.65,1905,18675
1788186831,38,195.27,1905,18665
1788186832,38,195.36,1905,18687
1788186833,35,195.84,1905,18667
1788186834,38,195.28,1905,18661
1788186835,44,195.29,1905,18725
1788186836,42,194.95,1905,19003
1788186837,38,195.49,1905,19047
1788186838,32,195.33,1905,19137
1788186839,33,194.69,1905,19171
1788186840,42,195.66,1905,19221
1788186841,45,195.71,1905,19989
1788186842,37,202.21,1905,20065
1788186843,37,210.04,1905,20727
1788186844,42,207.72,1905,19553
1788186845,37,205.18,1905,20775
1788186846,0,161.34,1905,20785
1788186848,0,155.32,1740,20785
1788186849,0,140.91,1740,20785
1788186850,43,137.93,1905,19329
1788186851,40,193.62,1905,19325
1788186852,34,195.02,1905,19377
1788186853,43,196.32,1905,19457
1788186854,44,196.21,1905,19499
1788186855,39,195.60,1905,19577
1788186856,38,195.30,1905,19653
1788186857,41,195.34,1905,19671
1788186858,46,195.90,1905,19713
1788186859,46,196.24,1905,19785
1788186860,38,196.16,1905,19837
1788186861,30,194.95,1905,19939
1788186862,36,195.92,1905,19983
1788186863,39,193.93,1905,20373
1788186864,39,195.63,1905,20489
1788186865,29,194.66,1905,20193
1788186866,47,194.31,1905,20485
1788186867,41,197.61,1905,20489
1788186868,38,196.62,1905,20337
1788186869,38,194.28,1905,20565
1788186870,37,196.28,1905,20503
1788186871,39,196.22,1905,20653
1788186872,41,193.97,1905,20921
1788186873,46,196.47,1905,20713
1788186874,42,197.62,1905,20965
1788186875,29,193.63,1905,21241
1788186876,39,195.24,1905,20911
1788186877,39,194.52,1905,21073
1788186878,38,196.11,1905,21341
1788186880,31,195.43,1905,20961
1788186881,46,193.68,1905,21125
1788186882,47,197.55,1905,21373
1788186883,40,196.79,1905,20957
1788186884,38,194.37,1905,21197
1788186885,39,196.13,1905,20997
1788186886,41,196.39,1905,21003
1788186887,45,195.10,1905,21269
1788186888,39,197.63,1905,20917
1788186889,36,196.04,1905,22317
1788186890,69,198.77,1905,8021
1788186891,38,184.25,1905,7291
1788186892,57,204.93,1905,5631
1788186893,43,210.66,1905,6503
1788186894,0,178.20,1905,4523
1788186895,0,153.83,1905,4523
1788186896,0,140.19,1740,4523
1788186897,33,127.81,1740,4827
1788186898,45,184.96,1905,2935
1788186899,42,195.54,1905,3047
1788186900,39,195.57,1905,3633
1788186901,39,195.31,1905,3365
1788186902,44,195.76,1905,3207
1788186903,42,199.94,1905,3117
1788186904,45,195.64,1905,2987
1788186905,45,195.84,1905,3815
1788186906,43,196.07,1905,3639
1788186907,34,196.01,1905,3429
1788186908,45,197.05,1905,3335
1788186909,45,196.51,1905,3253
1788186910,40,197.16,1905,4035
1788186911,40,196.41,1905,3891
1788186913,40,196.44,1905,3691
1788186914,40,196.12,1905,3645
1788186915,27,196.55,1905,3491
1788186916,40,196.61,1905,3427
1788186917,40,196.39,1905,4151
1788186918,39,195.73,1905,4043
1788186919,39,195.79,1905,3925
1788186920,31,198.57,1905,3773
1788186921,44,196.36,1905,3677
1788186922,44,196.78,1905,4411
1788186923,43,196.19,1905,4221
1788186924,42,196.10,1905,4073
1788186925,28,198.70,1905,3973
1788186926,47,196.89,1905,3829
1788186927,31,199.08,1905,3697
1788186928,39,196.12,1905,4431
1788186929,38,195.89,1905,4233
1788186930,39,195.54,1905,4133
1788186931,40,196.43,1905,4033
1788186932,38,199.07,1905,3879
1788186933,40,196.22,1905,4637
1788186934,40,196.28,1905,4507
1788186935,40,195.87,1905,4363
1788186936,38,201.84,1905,5751
1788186937,37,212.33,1905,7927
1788186938,37,206.65,1905,8587
1788186939,53,211.32,1905,5823
1788186940,0,182.91,1905,6567
1788186941,0,158.31,1905,6567
1788186942,0,136.53,1740,6567
1788186943,47,138.51,1830,7159
1788186944,47,191.09,1905,4567
1788186945,47,196.15,1905,4403
1788186947,38,195.95,1905,4291
1788186948,45,198.57,1905,4717
1788186949,46,195.32,1905,4883
1788186950,44,195.40,1905,4771
1788186951,44,196.93,1905,4671
1788186952,29,196.30,1905,4525
1788186953,46,198.36,1905,4373
1788186954,47,196.51,1905,5115
1788186955,44,196.18,1905,4997
1788186956,44,196.96,1905,4947
1788186957,42,196.59,1905,4811
1788186958,42,198.35,1905,4665
1788186959,43,196.50,1905,4615
1788186960,42,196.53,1905,5299
1788186961,43,196.07,1905,5215
1788186962,42,195.72,1905,5063
1788186963,39,195.24,1905,4911
1788186964,43,195.78,1905,4819
1788186965,40,199.23,1905,4671
1788186966,40,195.95,1905,5411
1788186967,40,195.96,1905,5245
1788186968,41,196.14,1905,5161
1788186969,42,196.14,1905,5015
1788186970,38,199.62,1905,4923
1788186971,46,196.42,1905,5151
1788186972,42,195.79,1905,5479
1788186973,43,196.08,1905,5375
1788186974,44,196.48,1905,5227
1788186975,28,198.63,1905,5183
1788186976,46,196.76,1905,5039
1788186977,22,197.16,1905,5203
1788186978,39,195.63,1905,5683
1788186980,38,195.88,1905,5599
1788186981,40,195.91,1905,5515
1788186982,18,194.15,1905,5739
1788186983,38,212.24,1905,7617
1788186984,37,207.43,1905,9897
1788186985,39,206.58,1905,7697
1788186986,37,218.27,1905,11627
1788186987,0,151.97,1740,11627
1788186988,0,126.59,1740,11627
1788186989,0,126.39,1740,11627
1788186990,42,136.90,1905,5727
1788186991,29,195.52,1905,5519
1788186992,42,195.97,1905,5351
1788186993,26,197.53,1905,5455
1788186994,44,196.03,1905,5923
1788186995,45,196.58,1905,5819
1788186996,45,196.74,1905,5663
1788186997,43,196.76,1905,5611
1788186998,31,196.80,1905,5511
1788186999,42,197.23,1905,5795
1788187000,45,196.62,1905,6147
1788187001,47,196.17,1905,6003
1788187002,47,196.49,1905,5891
1788187003,37,196.26,1905,5737
1788187004,46,197.91,1905,5621
1788187005,47,197.02,1905,6029
1788187006,45,196.97,1905,6259
1788187007,47,196.46,1905,6219
1788187008,46,196.48,1905,6051
1788187009,38,196.18,1905,5899
1788187010,38,195.75,1905,5791
1788187011,29,198.41,1905,5637
1788187013,39,195.47,1905,6367
1788187014,41,195.44,1905,6235
1788187015,41,196.64,1905,6131
1788187016,42,196.13,1905,6085
1788187017,41,196.01,1905,5947
1788187018,45,198.20,1905,5807
1788187019,45,196.54,1905,6469
1788187020,47,196.52,1905,6451
1788187021,47,196.47,1905,6367
1788187022,47,196.62,1905,6327
1788187023,26,197.77,1905,6159
1788187024,47,196.26,1905,6011
1788187025,47,196.60,1905,6173
1788187026,39,195.09,1905,6647
1788187027,46,196.52,1905,6555
1788187028,38,194.30,1905,7319
1788187029,47,208.16,1905,7259
1788187030,37,215.90,1905,11481
1788187031,37,206.40,1905,10237
1788187032,51,204.24,1905,7341
1788187033,0,159.68,1905,7341
1788187034,0,155.88,1740,7341
1788187035,0,144.38,1740,7341
1788187036,44,138.84,1905,7929
1788187037,40,194.08,1905,6757
1788187038,38,194.83,1905,6599
1788187039,36,198.74,1905,6545
1788187040,39,195.35,1905,6455
1788187041,39,195.69,1905,7045
1788187042,40,195.59,1905,7099
1788187043,46,196.61,1905,7015
1788187044,46,196.82,1905,6983
1788187046,45,196.38,1905,6899
1788187047,34,196.41,1905,6815
1788187048,46,197.40,1905,7105
1788187049,45,196.34,1905,7435
1788187050,42,196.13,1905,7327
1788187051,39,195.73,1905,7223
1788187052,40,195.78,1905,7071
1788187053,39,198.75,1905,6947
1788187054,38,195.84,1905,7021
1788187055,39,195.77,1905,7495
1788187056,40,196.13,1905,7385
1788187057,41,196.35,1905,7237
1788187058,21,197.57,1905,7125
1788187059,41,196.37,1905,7093
1788187060,25,195.75,1905,7007
1788187061,40,196.30,1905,7709
1788187062,38,195.63,1905,7595
1788187063,39,195.83,1905,7445
1788187064,40,196.33,1905,7279
1788187065,41,196.15,1905,7175
1788187066,41,198.50,1905,7081
1788187067,40,196.46,1905,7533
1788187068,42,196.23,1905,7725
1788187069,42,197.25,1905,7615
1788187070,45,196.40,1905,7577
1788187071,38,196.35,1905,7479
1788187072,39,197.94,1905,7391
1788187073,44,197.30,1905,7343
1788187074,43,197.41,1905,8707
1788187075,37,204.06,1905,11839
1788187076,37,202.92,1905,10219
1788187077,54,207.48,1905,8107
1788187079,0,203.71,1905,11475
1788187080,0,159.54,1740,11475
1788187081,0,130.60,1740,11475
1788187082,0,130.32,1740,11493
1788187083,41,143.66,1905,7681
1788187084,27,196.70,1905,7521
1788187085,44,196.37,1905,7389
1788187086,43,194.81,1905,8079
1788187087,39,195.40,1905,7899
1788187088,38,195.33,1905,7771
1788187089,25,196.15,1905,7653
1788187090,39,196.27,1905,7511
1788187091,39,195.62,1905,7447
1788187092,42,195.78,1905,8159
1788187093,40,196.04,1905,8039
1788187094,39,195.77,1905,8007
1788187095,39,195.29,1905,7897
1788187096,39,195.79,1905,7797
1788187097,35,195.74,1905,7807
1788187098,39,197.98,1905,7709
1788187099,42,195.59,1905,8369
1788187100,45,196.11,1905,8347
1788187101,45,196.55,1905,8255
1788187102,46,196.40,1905,8159
1788187103,40,197.12,1905,8123
1788187104,45,198.08,1905,8023
1788187105,47,196.54,1905,7929
1788187106,46,196.13,1905,8415
1788187107,44,196.10,1905,8563
1788187108,44,196.68,1905,8555
1788187109,39,196.03,1905,8471
1788187110,40,196.32,1905,8377
1788187112,39,196.40,1905,8331
1788187113,27,196.82,1905,8235
1788187114,40,196.89,1905,8427
1788187115,45,196.15,1905,8891
1788187116,47,196.29,1905,8783
1788187117,47,196.39,1905,8735
1788187118,46,196.68,1905,8635
1788187119,34,197.77,1905,8557
1788187120,47,197.38,1905,8497
1788187121,46,196.61,1905,9049
1788187122,36,204.50,1905,13373
1788187123,38,207.14,1905,11813
1788187124,39,217.16,1905,9675
1788187125,0,206.38,1905,13285
1788187126,0,154.69,1740,13285
1788187127,0,126.45,1740,13285
1788187128,0,126.51,1740,13275
1788187129,39,158.79,1905,8901
1788187130,40,194.55,1905,8681
1788187131,32,198.46,1905,8573
1788187132,42,195.97,1905,8539
1788187133,45,196.50,1905,9237
1788187134,46,196.23,1905,9109
1788187135,44,195.66,1905,9065
1788187136,43,195.46,1905,8971
1788187137,29,198.16,1905,8885
1788187138,48,197.26,1905,8809
1788187139,47,196.81,1905,8721
1788187140,46,196.03,1905,8941
1788187141,39,195.62,1905,9409
1788187142,39,196.32,1905,9345
1788187144,38,195.69,1905,9245
1788187145,38,195.82,1905,9175
1788187146,38,195.73,1905,9125
1788187147,38,195.74,1905,9093
1788187148,28,198.33,1905,9095
1788187149,38,195.56,1905,8995
1788187150,39,195.69,1905,9623
1788187151,45,195.40,1905,9613
1788187152,46,195.65,1905,9517
1788187153,43,196.34,1905,9425
1788187154,43,196.01,1905,9321
1788187155,43,199.09,1905,9269
1788187156,41,195.78,1905,9165
1788187157,39,195.62,1905,9065
1788187158,45,198.09,1905,9781
1788187159,46,196.05,1905,9681
1788187160,44,196.34,1905,9609
1788187161,45,196.58,1905,9537
1788187162,45,197.27,1905,9441
1788187163,41,195.67,1905,9453
1788187164,32,198.33,1905,9337
1788187165,39,195.46,1905,9249
1788187166,45,195.15,1905,9825
1788187167,47,196.90,1905,10529
1788187168,37,204.04,1905,12817
1788187169,51,210.33,1905,10977
1788187170,37,203.91,1905,13249
1788187171,37,206.02,1905,13217
1788187172,0,181.03,1905,13217
1788187173,0,155.92,1740,13217
1788187174,0,127.47,1740,13217
1788187175,43,155.55,1905,9559
1788187177,31,197.88,1905,9473
1788187178,41,195.78,1905,9843
1788187179,38,195.11,1905,10073
1788187180,39,195.32,1905,10003
1788187181,41,195.84,1905,9931
1788187182,44,196.56,1905,9845
1788187183,37,199.14,1905,9727
1788187184,38,193.86,1905,9641
1788187185,39,195.61,1905,10011
1788187186,44,195.84,1905,10249
1788187187,44,195.47,1905,10163
1788187188,46,196.27,1905,10085
1788187189,31,197.66,1905,10105
1788187190,42,196.26,1905,10073
1788187191,46,195.99,1905,10041
1788187192,32,197.78,1905,10033
1788187193,43,195.58,1905,10269
1788187194,39,195.40,1905,10633
1788187195,39,195.39,1905,10525
1788187196,39,195.79,1905,10493
1788187197,43,196.02,1905,10399
1788187198,46,195.96,1905,10305
1788187199,29,197.62,1905,10213
1788187200,44,195.79,1905,10155
1788187201,39,195.54,1905,10085
1788187202,38,195.82,1905,10773
1788187203,39,195.49,1905,10781
1788187204,40,195.91,1905,10705
1788187205,41,196.25,1905,10673
1788187206,41,196.45,1905,10693
1788187207,43,196.15,1905,10645
1788187209,39,195.66,1905,10607
1788187210,26,195.66,1905,10519
1788187211,38,197.95,1905,10427
1788187212,39,196.33,1905,10959
1788187213,42,195.65,1905,11053
1788187214,43,195.84,1905,10941
1788187215,39,201.98,1905,13399
1788187216,46,210.39,1905,11845
1788187217,37,210.97,1905,14877
1788187218,36,206.47,1905,14987
1788187219,0,185.23,1905,15459
1788187220,0,154.61,1905,15459
1788187221,0,129.16,1740,15459
1788187222,41,141.35,1905,10927
1788187223,38,196.12,1905,10987
1788187224,41,195.82,1905,11423
1788187225,46,196.22,1905,11371
1788187226,43,196.12,1905,11267
1788187227,40,195.78,1905,11163
1788187228,39,195.76,1905,11111
1788187229,38,195.87,1905,11007
1788187230,26,196.47,1905,10959
1788187231,37,195.75,1905,10939
1788187232,38,195.48,1905,11501
1788187233,43,195.42,1905,11531
1788187234,43,196.30,1905,11479
1788187235,46,196.11,1905,11379
1788187236,45,196.51,1905,11271
1788187237,28,197.63,1905,11247
1788187238,40,195.97,1905,11195
1788187239,41,196.28,1905,11145
1788187241,38,196.66,1905,11119
1788187242,35,197.28,1905,11051
1788187243,46,196.34,1905,11715
1788187244,47,196.48,1905,11715
1788187245,44,195.90,1905,11679
1788187246,38,195.53,1905,11631
1788187247,38,195.43,1905,11599
1788187248,38,195.57,1905,11555
1788187249,39,195.85,1905,11523
1788187250,32,197.58,1905,11537
1788187251,39,195.96,1905,11447
1788187252,40,195.58,1905,11415
1788187253,41,196.06,1905,11823
1788187254,43,196.19,1905,12123
1788187255,39,195.69,1905,12097
1788187256,38,195.43,1905,12035
1788187257,40,195.64,1905,12003
1788187258,44,195.78,1905,11971
1788187259,43,194.84,1905,11927
1788187260,38,195.17,1905,11859
1788187261,38,203.05,1905,12217
1788187262,38,209.71,1905,16913
1788187263,36,207.01,1905,15477
1788187264,58,205.49,1905,13547
1788187265,0,199.43,1905,15703
1788187266,0,160.03,1905,15703
1788187267,0,130.72,1740,15703
1788187268,0,127.79,1905,16007
1788187269,39,160.57,1905,12427
1788187270,38,195.08,1905,12313
1788187271,41,195.37,1905,12267
1788187272,38,195.26,1905,12215
1788187274,38,195.35,1905,12145
1788187275,33,194.97,1905,12099
1788187276,39,197.07,1905,12099
1788187277,46,195.93,1905,12705
1788187278,42,195.14,1905,12687
1788187279,39,195.28,1905,12651
1788187280,39,195.26,1905,12623
1788187281,41,195.93,1905,12591
1788187282,45,196.03,1905,12493
1788187283,32,196.92,1905,12483
1788187284,42,196.22,1905,12435
1788187285,42,195.68,1905,12403
1788187286,43,196.14,1905,12423
1788187287,39,195.19,1905,12379
1788187288,29,195.48,1905,12605
1788187289,47,196.48,1905,13037
1788187290,46,196.58,1905,13051
1788187291,45,196.06,1905,13005
1788187292,42,195.51,1905,13021
1788187293,38,195.25,1905,12983
1788187294,38,195.54,1905,12933
1788187295,38,195.64,1905,12943
1788187296,39,195.36,1905,12921
1788187297,38,195.87,1905,12869
1788187298,36,196.83,1905,12855
1788187299,47,196.21,1905,12861
1788187300,47,196.68,1905,12813
1788187301,44,195.92,1905,12781
1788187302,43,195.76,1905,13133
1788187303,39,195.50,1905,13495
1788187304,47,196.52,1905,13425
1788187306,44,195.74,1905,13431
1788187307,42,196.10,1905,13389
1788187308,36,194.95,1905,14273
1788187309,38,207.99,1905,15035
1788187310,47,212.63,1905,13641
1788187311,37,206.20,1905,18541
1788187312,37,206.41,1905,16231
1788187313,0,164.62,1905,16231
1788187314,0,158.41,1740,16231
1788187315,0,136.40,1740,16231
1788187316,46,134.87,1905,13371
1788187317,45,188.24,1905,13309
1788187318,41,195.22,1905,13873
1788187319,38,195.04,1905,13985
1788187320,45,195.88,1905,13941
1788187321,38,194.74,1905,13889
1788187322,41,195.10,1905,13859
1788187323,44,195.86,1905,13845
1788187324,46,196.33,1905,13821
1788187325,45,195.87,1905,13789
1788187326,43,195.73,1905,13749
1788187327,30,195.44,1905,13749
1788187328,34,195.92,1905,13725
1788187329,38,195.48,1905,13691
1788187330,42,195.31,1905,13765
1788187331,46,195.68,1905,14169
1788187332,41,194.92,1905,14403
1788187333,39,195.43,1905,14403
1788187334,38,195.81,1905,14475
1788187335,43,194.61,1905,14495
1788187336,38,195.29,1905,14515
1788187338,38,195.11,1905,14535
1788187339,45,194.51,1905,14513
1788187340,45,196.00,1905,14539
1788187341,44,195.74,1905,14507
1788187342,44,195.76,1905,14481
1788187343,42,195.66,1905,14501
1788187344,29,195.54,1905,14465
1788187345,31,195.57,1905,14437
1788187346,39,195.22,1905,14455
1788187347,40,195.41,1905,14407
1788187348,47,195.12,1905,14387
1788187349,45,196.12,1905,14337
1788187350,44,195.99,1905,14653
1788187351,39,195.37,1905,15005
1788187352,47,195.92,1905,15019
1788187353,43,195.52,1905,15005
1788187354,38,195.35,1905,15011
1788187355,35,198.83,1905,17175
1788187356,36,207.60,1905,16611
1788187357,53,210.10,1905,15425
1788187358,36,208.42,1905,19583
1788187359,0,196.46,1905,16335
1788187360,0,157.07,1905,16335
1788187361,0,140.15,1740,16335
1788187362,0,132.45,1740,16569
1788187363,39,161.36,1905,14919
1788187364,39,194.60,1905,14901
1788187365,44,195.03,1905,14827
1788187366,37,193.77,1905,14841
1788187367,39,195.09,1905,15179
1788187368,40,194.97,1905,15435
1788187370,45,195.55,1905,15435
1788187371,46,195.80,1905,15397
1788187372,44,195.30,1905,15413
1788187373,43,195.29,1905,15355
1788187374,39,195.35,1905,15307
1788187375,38,194.96,1905,15309
1788187376,40,195.09,1905,15251
1788187377,42,194.06,1905,15199
1788187378,41,195.29,1905,15165
1788187379,27,195.55,1905,15095
1788187380,29,194.88,1905,15045
1788187381,46,194.36,1905,15045
1788187382,46,196.23,1905,15003
1788187383,42,195.15,1905,14939
1788187384,39,196.08,1905,14945
1788187385,30,195.06,1905,14889
1788187386,41,195.56,1905,14849
1788187387,45,195.89,1905,15337
1788187388,38,195.29,1905,15503
1788187389,39,195.32,1905,15471
1788187390,44,195.17,1905,15407
1788187391,46,195.46,1905,15371
1788187392,44,195.64,1905,15375
1788187393,41,195.71,1905,15333
1788187394,39,195.32,1905,15291
1788187395,37,195.07,1905,15317
1788187396,38,195.04,1905,15279
1788187397,28,195.04,1905,15247
1788187398,38,196.00,1905,15231
1788187399,46,195.79,1905,15235
1788187400,40,195.39,1905,15197
1788187402,44,195.80,1905,15095
1788187403,38,207.07,1905,15711
1788187404,37,207.93,1905,20071
1788187405,37,206.90,1905,18943
1788187406,38,205.44,1905,17457
1788187407,0,181.52,1905,18239
1788187408,0,157.24,1905,18239
1788187409,0,134.85,1740,18239
1788187410,46,130.09,1905,16417
1788187411,39,184.16,1905,15737
1788187412,38,194.43,1905,15691
1788187413,40,195.00,1905,15691
1788187414,45,195.28,1905,15709
1788187415,44,194.95,1905,15679
1788187416,42,195.31,1905,15707
1788187417,47,195.33,1905,15679
1788187418,43,195.48,1905,15631
1788187419,39,194.91,1905,15605
1788187420,37,194.90,1905,15601
1788187421,38,194.83,1905,15555
1788187422,40,194.95,1905,15491
1788187423,27,195.12,1905,15475
1788187424,42,194.86,1905,15433
1788187425,44,195.14,1905,15401
1788187426,39,194.95,1905,15349
1788187427,38,194.90,1905,15321
1788187428,39,195.36,1905,15565
1788187429,41,195.31,1905,15899
1788187430,46,195.00,1905,15921
1788187431,40,194.57,1905,15883
1788187432,46,195.97,1905,15921
1788187433,40,194.34,1905,15921
1788187435,39,194.77,1905,15923
1788187436,40,194.94,1905,15939
1788187437,44,195.30,1905,15953
1788187438,45,195.48,1905,15971
1788187439,41,195.24,1905,15991
1788187440,39,195.02,1905,15985
1788187441,38,194.89,1905,16049
1788187442,40,194.85,1905,16017
1788187443,43,195.93,1905,16025
1788187444,43,194.85,1905,16027
1788187445,35,195.39,1905,16069
1788187446,27,193.76,1905,16107
1788187447,29,194.39,1905,16117
1788187448,32,194.62,1905,16129
1788187449,32,193.63,1905,16713
1788187450,46,206.33,1905,16955
1788187451,34,213.02,1905,17927
1788187452,35,205.25,1905,20729
1788187453,36,205.64,1905,19153
1788187454,0,166.09,1905,19153
1788187455,0,153.99,1740,19153
1788187456,0,132.34,1740,19153
1788187457,35,137.01,1905,16153
1788187458,39,191.65,1905,16163
1788187459,43,195.05,1905,16179
1788187460,47,195.17,1905,16173
1788187461,41,194.45,1905,16231
1788187462,38,195.22,1905,16217
1788187463,38,194.71,1905,16223
1788187464,33,194.61,1905,16281
1788187465,35,194.77,1905,16295
1788187467,41,195.40,1905,16315
1788187468,38,195.20,1905,16755
1788187469,42,194.58,1905,16783
1788187470,46,194.73,1905,17047
1788187471,43,195.24,1905,17069
1788187472,39,195.06,1905,17073
1788187473,39,195.10,1905,17139
1788187474,41,195.13,1905,17145
1788187475,44,195.70,1905,17151
1788187476,44,195.16,1905,17119
1788187477,44,195.87,1905,17191
1788187478,43,195.79,1905,17257
1788187479,41,195.71,1905,17313
1788187480,38,195.09,1905,17365
1788187481,43,195.57,1905,17365
1788187482,38,195.51,1905,17365
1788187483,38,195.17,1905,17421
1788187484,39,195.21,1905,17555
1788187485,43,195.14,1905,17557
1788187486,45,195.02,1905,17557
1788187487,41,195.54,1905,17585
1788187488,45,195.24,1905,17649
1788187489,40,194.23,1905,17673
1788187490,38,195.00,1905,17741
1788187491,39,194.85,1905,17741
1788187492,44,195.40,1905,17751
1788187493,45,195.01,1905,17809
1788187494,40,194.77,1905,17809
1788187495,38,194.61,1905,17877
1788187496,37,198.53,1905,19477
1788187497,39,208.81,1905,21053
1788187499,36,206.77,1905,20157
1788187500,39,206.82,1905,19069
1788187501,0,204.49,1905,22385
1788187502,0,155.24,1740,22385
1788187503,0,128.45,1740,22385
1788187504,0,126.05,1740,22419
1788187505,44,158.49,1905,17953
1788187506,45,194.37,1905,17909
1788187507,39,195.03,1905,17981
1788187508,38,194.48,1905,18053
1788187509,41,194.74,1905,18091
1788187510,44,195.09,1905,18083
1788187511,46,195.34,1905,18113
1788187512,42,195.41,1905,18173
1788187513,45,195.38,1905,18245
1788187514,45,195.12,1905,18253
1788187515,43,195.43,1905,18317
1788187516,41,195.52,1905,18313
1788187517,39,195.20,1905,18317
1788187518,38,194.87,1905,18421
1788187519,43,194.54,1905,18477
1788187520,43,194.68,1905,18499
1788187521,40,195.35,1905,18553
1788187522,38,194.80,1905,18625
1788187523,38,194.85,1905,18697
1788187524,39,194.88,1905,18813
1788187525,42,195.21,1905,18669
1788187526,46,195.59,1905,18393
1788187527,43,195.07,1905,18371
1788187528,40,194.37,1905,18435
1788187529,40,194.06,1905,18437
1788187531,34,192.97,1905,18503
1788187532,41,194.12,1905,18607
1788187533,41,194.50,1905,18679
1788187534,38,194.57,1905,18739
1788187535,40,194.61,1905,18793
1788187536,40,194.81,1905,18843
1788187537,42,194.60,1905,18915
1788187538,46,195.06,1905,19023
1788187539,45,195.41,1905,19071
1788187540,41,194.66,1905,19055
1788187541,38,195.15,1905,19123
1788187542,38,195.06,1905,19247
1788187543,38,195.35,1905,19319
1788187544,16,192.77,1905,21261
1788187545,35,206.25,1905,21311
1788187546,38,206.42,1905,20483
1788187547,54,207.87,1905,19629
1788187548,0,197.16,1905,22741
1788187549,0,153.69,1905,22741
1788187550,0,130.24,1740,22741
1788187551,0,127.31,1740,22741
1788187552,0,125.96,1740,22785
1788187553,0,125.79,1740,22785
1788187554,0,125.77,1740,22785
1788187555,2,125.86,1740,22291
1788187556,100,141.30,1905,185
1788187557,0,149.11,1905,185
1788187558,0,127.86,390,185
1788187559,0,80.06,225,185
1788187560,0,38.83,210,185
1788187561,0,30.48,210,185
1788187563,0,29.25,210,185
1788187564,0,28.75,210,185
1788187565,0,28.75,210,185
1788187566,0,29.04,210,185
1788187567,0,28.87,210,185
1788187568,0,28.68,210,185
1788187569,0,28.78,210,185
1788187570,0,28.60,210,185
1788187571,0,28.75,210,185
1788187572,0,28.79,210,185
1788187573,0,28.39,210,185
1788187574,0,28.59,210,185
1788187575,0,28.72,210,185
1788187576,0,28.60,210,185
1788187577,0,28.59,210,185
1788187578,0,28.45,210,185
1788187579,0,28.25,210,185
1788187580,0,28.25,210,185
1788187581,0,28.53,210,185
1788187582,0,28.31,210,185
1788187583,0,28.24,210,185
1788187584,0,28.32,210,185
1788187585,0,28.10,210,185
1788187586,0,28.23,210,185
1788187587,0,27.94,210,185
1788187588,0,27.90,210,185
1788187590,0,28.10,210,185
1788187591,0,28.08,210,185
1788187592,0,27.92,210,185
1788187593,0,27.87,210,185
1788187594,0,27.79,210,185
1788187595,0,27.92,210,185
1788187596,0,27.96,210,185
1788187597,0,27.85,210,185
1788187598,0,27.87,210,185
1788187599,0,27.73,210,185
1788187600,0,27.85,210,185
1788187601,0,27.98,210,185
1788187602,0,27.67,210,185
1788187603,0,27.59,210,185
1788187604,0,27.66,210,185
1788187605,0,27.70,210,185
1788187606,0,27.68,210,185
1788187607,0,27.62,210,185
1788187608,0,27.48,210,185
1788187609,0,27.66,210,185
1788187610,0,27.99,210,185
1788187611,0,27.74,210,185
1788187612,0,27.43,210,185
1788187613,0,27.43,210,185
1788187614,0,27.46,210,185
1788187615,0,27.51,210,185
1788187616,0,27.40,210,185
1788187618,0,27.25,210,185
1788187619,0,33.25,210,188
1788187620,0,30.58,210,188
1788187621,0,77.20,1740,515
1788187622,0,114.45,1740,515
1788187623,0,118.41,1740,625
1788187624,46,164.13,1935,797
1788187625,54,216.71,1935,797
1788187626,55,219.97,1935,797
1788187627,47,217.16,1935,797
1788187628,58,216.94,1935,797
1788187629,57,223.36,1935,797
1788187630,58,223.71,1935,797
1788187631,56,223.17,1935,797
1788187632,0,180.09,1935,797
1788187633,0,150.71,1935,797
1788187634,0,136.17,1740,797
1788187635,23,124.29,1740,799
1788187636,0,128.84,1740,799
1788187637,0,123.04,1740,799
1788187638,0,120.35,1740,799
1788187639,64,122.14,1815,799
1788187640,55,209.95,1935,799
1788187641,54,221.46,1935,799
1788187642,56,222.18,1935,799
1788187643,61,223.62,1935,799
1788187644,51,223.14,1920,799
1788187645,58,222.95,1920,799
1788187646,56,221.97,1920,799
1788187647,56,223.07,1920,799
1788187648,0,156.08,1920,799
1788187650,0,140.81,1740,799
1788187651,60,121.25,1740,799
1788187652,0,130.87,1740,799
1788187653,0,122.56,1740,799
1788187654,0,120.54,1740,799
1788187655,0,120.70,1740,799
1788187656,57,166.98,1920,799
1788187657,58,221.48,1920,799
1788187658,58,221.50,1920,799
1788187659,53,222.17,1920,799
1788187660,55,222.51,1920,799
1788187661,57,222.42,1920,799
1788187662,56,224.35,1920,799
1788187663,56,224.57,1920,799
1788187664,0,205.06,1920,799
1788187665,0,153.77,1920,799
1788187666,0,137.63,1740,799
1788187667,18,126.53,1740,799
1788187668,0,127.08,1740,799
1788187669,0,124.50,1740,799
1788187670,0,121.74,1740,799
1788187671,60,127.77,1920,799
1788187672,54,211.73,1920,799
1788187673,55,221.36,1920,799
1788187674,60,223.30,1920,799
1788187675,58,224.87,1920,799
1788187676,58,224.25,1920,799
1788187677,57,222.63,1920,799
1788187678,55,225.69,1920,799
1788187679,54,226.02,1920,799
1788187680,0,168.35,1920,799
1788187681,0,144.75,1920,799
1788187683,21,126.28,1740,799
1788187684,0,134.76,1740,799
1788187685,0,125.08,1740,799
1788187686,0,121.82,1740,799
1788187687,0,121.78,1740,799
1788187688,58,174.28,1920,799
1788187689,58,224.26,1920,799
1788187690,56,224.86,1920,799
1788187691,57,226.00,1920,799
1788187692,58,227.18,1920,799
1788187693,58,225.48,1920,799
1788187694,55,226.54,1920,799
1788187695,57,226.04,1920,799
1788187696,0,192.88,1920,799
1788187697,0,155.05,1740,799
1788187698,0,130.51,1740,799
1788187699,22,128.96,1740,799
1788187700,0,125.13,1740,799
1788187701,0,122.34,1740,799
1788187702,0,122.32,1740,799
1788187703,52,136.10,1920,799
1788187704,60,223.98,1920,799
1788187705,54,225.74,1920,799
1788187706,61,224.70,1920,799
1788187707,55,226.72,1920,799
1788187708,56,227.74,1920,799
1788187709,52,227.01,1920,799
1788187710,54,225.82,1920,799
1788187711,11,220.86,1920,799
1788187712,0,155.79,1920,799
1788187713,0,141.67,1740,799
1788187715,20,127.16,1740,799
1788187716,0,131.68,1740,799
1788187717,0,125.79,1740,799
